item_id;location_id;trans_date;qty;qty_avg
0034A856DB456E11B7B78A650500BC08;44673735EAF46E11B7B78A650500BC08;2025-07-01;2;23.935
010F84EBBD1EFE11F1557891FE69E489;44673735EAF46E11B7B78A650500BC08;2025-07-20;4;16.129
014C9AE420A30F114EF7A826072B1C89;44673735EAF46E11B7B78A650500BC08;2025-07-01;1.69;15.745
01BB3CC759B30F114EF7A826072B3C89;44673735EAF46E11B7B78A650500BC08;2025-07-04;2;8.654
01C486522D7AFE11128010650500E819;44673735EAF46E11B7B78A650500BC08;2025-07-29;1;8.000
0201915C92E0DE11ADB310650500DBB8;44673735EAF46E11B7B78A650500BC08;2025-07-31;1;5.387
0204A0F47678FE11128010650500D819;44673735EAF46E11B7B78A650500BC08;2025-07-21;3;12.040
02242FF602BEEE1191EE1065050029B9;44673735EAF46E11B7B78A650500BC08;2025-07-07;3;12.387
02C6CC97D2BCCE11ADB31065050006B8;44673735EAF46E11B7B78A650500BC08;2025-07-01;1;6.677
02F5755E73530F114EF7A826072BBB89;44673735EAF46E11B7B78A650500BC08;2025-07-13;1;4.370
034D7062196BEE1191EE1065050029B9;44673735EAF46E11B7B78A650500BC08;2025-07-12;1;5.563
043B1705BF896E11B7B78A650500BC08;44673735EAF46E11B7B78A650500BC08;2025-07-01;3;19.516
04851C935D51FD110DC22A92C000DD89;44673735EAF46E11B7B78A650500BC08;2025-07-13;1;6.839
048B9C3BBF354E1142D58A6505002C08;44673735EAF46E11B7B78A650500BC08;2025-07-01;1;19.226
04F7AD160B488E11F243BB650500FD3B;44673735EAF46E11B7B78A650500BC08;2025-07-15;2;8.731
050B26DB6509AE11BE21106505007C4A;44673735EAF46E11B7B78A650500BC08;2025-07-01;1;14.226
0543848DB8779E11554010650500124B;44673735EAF46E11B7B78A650500BC08;2025-07-31;2;12.581
059142773D456E11B7B78A650500BC08;44673735EAF46E11B7B78A650500BC08;2025-07-03;1;5.000
059E0D92AC456E11B7B78A650500BC08;44673735EAF46E11B7B78A650500BC08;2025-07-16;1;5.174
05A46C85C8DA7E110819BB65050039AA;44673735EAF46E11B7B78A650500BC08;2025-07-18;1;10.000
06B0C908B5DB7E110819BB65050039AA;44673735EAF46E11B7B78A650500BC08;2025-07-01;8;33.194
06DF8B324790DE11ADB3106505006BB8;44673735EAF46E11B7B78A650500BC08;2025-07-08;7;59.871
071360062A098E11F243BB650500EE3B;44673735EAF46E11B7B78A650500BC08;2025-07-26;9;39.516
0724D5E2AEEBCE11ADB310650500E4B8;44673735EAF46E11B7B78A650500BC08;2025-07-30;1.75;26.885
078EB4C1A03AFE11128010650500E819;44673735EAF46E11B7B78A650500BC08;2025-07-23;0.5;3.481
07AA95D2BC1EFE11F1557891FE69E489;44673735EAF46E11B7B78A650500BC08;2025-07-20;1;7.192
07C0B39BF9456E11B7B78A650500BC08;44673735EAF46E11B7B78A650500BC08;2025-07-14;3;43.387
07C73758D0004E11F7F68A650500DB08;44673735EAF46E11B7B78A650500BC08;2025-07-22;1;5.806
07E29275D270DE11ADB3106505003BB8;44673735EAF46E11B7B78A650500BC08;2025-07-01;4;17.355
080669A55EED7E110819BB65050039AA;44673735EAF46E11B7B78A650500BC08;2025-07-26;1;17.036
0860A30F49F2FE1191EE10650500BDB9;44673735EAF46E11B7B78A650500BC08;2025-07-05;2;11.286
08652714DAB50F114EF7A826072BCE89;44673735EAF46E11B7B78A650500BC08;2025-07-29;1;15.667
08801856A6F5AE11BE2110650500984A;44673735EAF46E11B7B78A650500BC08;2025-07-01;2;25.065
08929A896E06FE1191EE10650500C1C9;44673735EAF46E11B7B78A650500BC08;2025-07-05;1;5.538
0893277DB9456E11B7B78A650500BC08;44673735EAF46E11B7B78A650500BC08;2025-07-27;1;7.548
089ABDC0E71CEE1191EE1065050029B9;44673735EAF46E11B7B78A650500BC08;2025-07-02;4;45.258
0949CEE5759F6E11B7B78A650500CD08;44673735EAF46E11B7B78A650500BC08;2025-07-11;1;5.452
098E3FA308C5CE11ADB3106505005DA8;44673735EAF46E11B7B78A650500BC08;2025-07-01;3;12.968
0AE46024DFE34E1142D58A6505002C08;44673735EAF46E11B7B78A650500BC08;2025-07-01;6;39.258
0AE8FDDC3039EE1191EE1065050009B9;44673735EAF46E11B7B78A650500BC08;2025-07-25;1;8.742
0B17619EC688CE11ADB31065050070B8;44673735EAF46E11B7B78A650500BC08;2025-07-08;7;29.419
0B8B73113EA0CE118772106505008269;44673735EAF46E11B7B78A650500BC08;2025-07-29;1;5.871
0BDE504CF54CDE11406610650500054A;44673735EAF46E11B7B78A650500BC08;2025-07-31;18;81.161
0BEF8E7E968B3E11052F6792C000D249;44673735EAF46E11B7B78A650500BC08;2025-07-08;2;23.500
0C1517F47678EE1191EE1065050078B9;44673735EAF46E11B7B78A650500BC08;2025-07-04;1;6.129
0C43A5EC6CB50F114EF7A826072BCE89;44673735EAF46E11B7B78A650500BC08;2025-07-30;1;9.773
0CE5FDC17F320F114EF7A826072B5A89;44673735EAF46E11B7B78A650500BC08;2025-07-01;1;4.690
0CE914265F66DE11ADB31065050023C8;44673735EAF46E11B7B78A650500BC08;2025-07-12;5;31.968
0D0589672C8EAE11BE2110650500835A;44673735EAF46E11B7B78A650500BC08;2025-07-10;5;23.161
0DC9FD12FAD7CE11ADB3106505008FA8;44673735EAF46E11B7B78A650500BC08;2025-07-19;1;8.774
0EF88AE1A03AFE11128010650500E819;44673735EAF46E11B7B78A650500BC08;2025-07-01;0.26;5.099
0F5878DAA9098E11F243BB650500EE3B;44673735EAF46E11B7B78A650500BC08;2025-07-01;8;32.774
0F6CC5E9859F6E11B7B78A650500CD08;44673735EAF46E11B7B78A650500BC08;2025-07-01;1;5.194
0FDD64A24B1B9E115250106505004C4A;44673735EAF46E11B7B78A650500BC08;2025-07-01;2;12.516
100C29949C44FE1191EE106505007FB9;44673735EAF46E11B7B78A650500BC08;2025-07-27;1;4.161
101EABE02D456E11B7B78A650500BC08;44673735EAF46E11B7B78A650500BC08;2025-07-13;23;103.419
102FB4D6C4AA7E110819BB65050039AA;44673735EAF46E11B7B78A650500BC08;2025-07-02;23;109.968
105BFEB295339E115540106505008C3B;44673735EAF46E11B7B78A650500BC08;2025-07-31;1;11.290
1117998E1BC59E11554010650500FF3B;44673735EAF46E11B7B78A650500BC08;2025-07-31;5.2;73.390
1119A7FC4DA1EE114066106505000C4A;44673735EAF46E11B7B78A650500BC08;2025-07-31;1;4.871
1151863185ECBE11877210650500BD59;44673735EAF46E11B7B78A650500BC08;2025-07-08;6;25.903
11A650B9EACB8E11F243BB650500624B;44673735EAF46E11B7B78A650500BC08;2025-07-01;1;26.846
1279180DBFFD9E117260106505004B4A;44673735EAF46E11B7B78A650500BC08;2025-07-09;1;39.833
1283222D1B6BAE11BE21106505008F4A;44673735EAF46E11B7B78A650500BC08;2025-07-24;1;6.000
128935AEEC96BE11877210650500B559;44673735EAF46E11B7B78A650500BC08;2025-07-05;3;13.710
12F40FEABFFD9E117260106505004B4A;44673735EAF46E11B7B78A650500BC08;2025-07-11;2;12.778
131E9239ED97DE11C84610650500EF6A;44673735EAF46E11B7B78A650500BC08;2025-07-01;1;5.067
134285D780B2CE118772106505001569;44673735EAF46E11B7B78A650500BC08;2025-07-26;1;4.333
135B974D2589DE11406610650500514A;44673735EAF46E11B7B78A650500BC08;2025-07-28;2;146.935
1367C6D15C387E110819BB65050009AA;44673735EAF46E11B7B78A650500BC08;2025-07-11;1;24.080
1369BC08C1047E11B7B78A650500DD08;44673735EAF46E11B7B78A650500BC08;2025-07-18;2;8.323
139F31189AC9FE11128010650500E819;44673735EAF46E11B7B78A650500BC08;2025-07-04;4;22.750
139FB66334627E11B7B78A650500CD08;44673735EAF46E11B7B78A650500BC08;2025-07-06;1;5.839
13A27077F555BE11BE21106505002C5A;44673735EAF46E11B7B78A650500BC08;2025-07-01;1;15.067
13BF045DF55EDE11406610650500C74A;44673735EAF46E11B7B78A650500BC08;2025-07-01;1;4.516
140F68F0B5EF6E11B7B78A650500CD08;44673735EAF46E11B7B78A650500BC08;2025-07-01;8;67.742
143E61047F456E11B7B78A650500BC08;44673735EAF46E11B7B78A650500BC08;2025-07-01;2;21.677
14C029B21D1DDE11406610650500164A;44673735EAF46E11B7B78A650500BC08;2025-07-19;11;46.903
14D1787D6A23AE11726010650500D15A;44673735EAF46E11B7B78A650500BC08;2025-07-01;2;13.077
14EF6ECD3883DE11ADB3106505005FB8;44673735EAF46E11B7B78A650500BC08;2025-07-01;1;11.091
153C558A5BF6DE11C846106505001F6A;44673735EAF46E11B7B78A650500BC08;2025-07-01;1;4.355
157B282963039E115540106505004C3B;44673735EAF46E11B7B78A650500BC08;2025-07-09;2;8.194
15D02029C7420F114EF7A826072B6A89;44673735EAF46E11B7B78A650500BC08;2025-07-01;2;8.129
1669AC98AC08DE11C84610650500707A;44673735EAF46E11B7B78A650500BC08;2025-07-31;1;10.226
16E515C781CAED11A62CD892C0003F2A;44673735EAF46E11B7B78A650500BC08;2025-07-01;3;12.323
175AF9E305B4DE11ADB310650500F0C8;44673735EAF46E11B7B78A650500BC08;2025-07-01;2;26.516
17DC4ADF3F49AE11BE2110650500DC4A;44673735EAF46E11B7B78A650500BC08;2025-07-30;2;9.333
17FAE23586A88E11F243BB6505006E3B;44673735EAF46E11B7B78A650500BC08;2025-07-13;1;4.194
18316D0B395DCE11ADB310650500E6B8;44673735EAF46E11B7B78A650500BC08;2025-07-25;1;4.355
1876B966CCFDCE11ADB310650500C7B8;44673735EAF46E11B7B78A650500BC08;2025-07-30;1;19.387
18B373561D456E11B7B78A650500BC08;44673735EAF46E11B7B78A650500BC08;2025-07-19;7;47.548
18D8A4B271D6FD110DC22A92C000D158;44673735EAF46E11B7B78A650500BC08;2025-07-15;4;16.452
18FB9C94CC22AE11726010650500905A;44673735EAF46E11B7B78A650500BC08;2025-07-01;3;18.000
19540026AC456E11B7B78A650500BC08;44673735EAF46E11B7B78A650500BC08;2025-07-15;8;45.290
19F276303C456E11B7B78A650500BC08;44673735EAF46E11B7B78A650500BC08;2025-07-28;3;14.677
1A0AE85CCD53BE11BE2110650500A95A;44673735EAF46E11B7B78A650500BC08;2025-07-01;1;9.710
1A105354ED456E11B7B78A650500BC08;44673735EAF46E11B7B78A650500BC08;2025-07-09;7;38.677
1A3D556278F6DE11C846106505001F6A;44673735EAF46E11B7B78A650500BC08;2025-07-01;2;42.107
1A917B2DE79FFE11F1557891FE69C689;44673735EAF46E11B7B78A650500BC08;2025-07-26;2;9.000
1AF0B822662BDE11406610650500734A;44673735EAF46E11B7B78A650500BC08;2025-07-09;1;5.323
1AF9FCE27696DE11ADB31065050053C8;44673735EAF46E11B7B78A650500BC08;2025-07-04;1;5.040
1B010D17782ADE11406610650500224A;44673735EAF46E11B7B78A650500BC08;2025-07-01;4;23.000
1B144E7F21FA8E11F243BB650500514B;44673735EAF46E11B7B78A650500BC08;2025-07-06;1;23.733
1B16DD46801C3E11052F6792C000D249;44673735EAF46E11B7B78A650500BC08;2025-07-25;1;13.720
1B754762F0CAED11A62CD892C0003F2A;44673735EAF46E11B7B78A650500BC08;2025-07-02;1;6.000
1BD234F2A6389E11554010650500034B;44673735EAF46E11B7B78A650500BC08;2025-07-01;98.0;434.048
1BF58FB1DC456E11B7B78A650500BC08;44673735EAF46E11B7B78A650500BC08;2025-07-04;3;14.161
1C0C1DBA327DCE11ADB31065050007B8;44673735EAF46E11B7B78A650500BC08;2025-07-19;3;12.161
1C72EB04AA4FFE11F1557891FE696689;44673735EAF46E11B7B78A650500BC08;2025-07-23;4;19.097
1C8C3B7101CAED11A62CD892C0003F2A;44673735EAF46E11B7B78A650500BC08;2025-07-23;1;8.419
1CB1F6F322A5BE11BE21106505008C5A;44673735EAF46E11B7B78A650500BC08;2025-07-20;3;12.613
1CCB17FFD6568E11F243BB6505007B3B;44673735EAF46E11B7B78A650500BC08;2025-07-24;5;21.806
1D0E676623900F11F1557891FE690889;44673735EAF46E11B7B78A650500BC08;2025-07-01;2;8.645
1D8E48486C456E11B7B78A650500BC08;44673735EAF46E11B7B78A650500BC08;2025-07-04;6;26.522
1E43EBA198B37E11B7B78A650500DD08;44673735EAF46E11B7B78A650500BC08;2025-07-25;1;7.263
1E74FAA18C456E11B7B78A650500BC08;44673735EAF46E11B7B78A650500BC08;2025-07-02;1;9.000
1E9889072C8EAE11BE2110650500835A;44673735EAF46E11B7B78A650500BC08;2025-07-12;2;9.045
1ECE8753F0CAED11A62CD892C0003F2A;44673735EAF46E11B7B78A650500BC08;2025-07-31;1;4.903
1EE7EDD46923FE1191EE10650500FDB9;44673735EAF46E11B7B78A650500BC08;2025-07-01;4;20.065
1F280D4ACE23FD110DC22A92C000C499;44673735EAF46E11B7B78A650500BC08;2025-07-01;3;14.871
1F6813864D85DE11ADB31065050002C8;44673735EAF46E11B7B78A650500BC08;2025-07-02;2;14.600
2060F72BED096E11B7B78A650500BC08;44673735EAF46E11B7B78A650500BC08;2025-07-04;26;134.806
20B4BA3ED4BBEE1191EE1065050029B9;44673735EAF46E11B7B78A650500BC08;2025-07-06;2;16.276
20FAD3CD653DDE11406610650500364A;44673735EAF46E11B7B78A650500BC08;2025-07-30;26.16;125.031
2148978EF4B4DE11ADB310650500F0C8;44673735EAF46E11B7B78A650500BC08;2025-07-05;4;18.448
2161A0A4F138CE11ADB310650500FFA8;44673735EAF46E11B7B78A650500BC08;2025-07-01;1;5.065
21735E859D00DE11ADB3106505009AB8;44673735EAF46E11B7B78A650500BC08;2025-07-26;1;22.613
21C44477A6A17E11B7B78A650500CD08;44673735EAF46E11B7B78A650500BC08;2025-07-31;2;9.097
21EC2E3CCB456E11B7B78A650500BC08;44673735EAF46E11B7B78A650500BC08;2025-07-22;14;90.750
2211AE827E2EBE118772106505005F59;44673735EAF46E11B7B78A650500BC08;2025-07-22;2;10.613
2269556C1FA50F114EF7A826072BBE89;44673735EAF46E11B7B78A650500BC08;2025-07-25;2;9.000
2276436B0651AE117260106505008F4A;44673735EAF46E11B7B78A650500BC08;2025-07-01;5;23.355
2295E6F99A2CBE11877210650500CC59;44673735EAF46E11B7B78A650500BC08;2025-07-23;1;4.645
23166381F7F7EE1191EE10650500C7B9;44673735EAF46E11B7B78A650500BC08;2025-07-02;2;43.742
24384A7B0321DE11ADB3106505003CB8;44673735EAF46E11B7B78A650500BC08;2025-07-01;2;24.290
254CDF4C3C456E11B7B78A650500BC08;44673735EAF46E11B7B78A650500BC08;2025-07-19;3;12.323
25B08DAEE8ED9E117260106505001B4A;44673735EAF46E11B7B78A650500BC08;2025-07-13;1;4.290
25DC2D2D34937E11B7B78A650500DD08;44673735EAF46E11B7B78A650500BC08;2025-07-16;1;4.739
2702D4013FC9BE11877210650500C959;44673735EAF46E11B7B78A650500BC08;2025-07-06;3;13.500
272FF60D390FEE1191EE1065050029B9;44673735EAF46E11B7B78A650500BC08;2025-07-26;8;41.097
274AE658D7A5DE11ADB31065050022C8;44673735EAF46E11B7B78A650500BC08;2025-07-05;1;4.846
2797B69694310F11112A674AC7E2F889;44673735EAF46E11B7B78A650500BC08;2025-07-11;1;10.903
27A154EB78F00F11112A674AC7E2A889;44673735EAF46E11B7B78A650500BC08;2025-07-28;1;5.143
285DA64F45B4DE11ADB310650500F0C8;44673735EAF46E11B7B78A650500BC08;2025-07-07;7;47.870
28798FE8D3ADCE11ADB31065050047B8;44673735EAF46E11B7B78A650500BC08;2025-07-12;2;20.258
28B0DB49994B3E11052F6792C000D249;44673735EAF46E11B7B78A650500BC08;2025-07-11;1;7.774
28EB97FD4443FE1191EE106505001EB9;44673735EAF46E11B7B78A650500BC08;2025-07-13;2;9.065
28FDA01AE43ACE11ADB31065050092B8;44673735EAF46E11B7B78A650500BC08;2025-07-28;1;7.533
29E12E7946A40F114EF7A826072B6D89;44673735EAF46E11B7B78A650500BC08;2025-07-05;1;6.600
29F4F53C79363E11052F6792C000FF39;44673735EAF46E11B7B78A650500BC08;2025-07-25;1;7.935
2A13FAB6CC456E11B7B78A650500BC08;44673735EAF46E11B7B78A650500BC08;2025-07-06;8;38.871
2A79254529DDCE11ADB31065050097B8;44673735EAF46E11B7B78A650500BC08;2025-07-08;6;26.290
2B6E97625C387E110819BB65050009AA;44673735EAF46E11B7B78A650500BC08;2025-07-01;10;73.516
2B96AF8AC9456E11B7B78A650500BC08;44673735EAF46E11B7B78A650500BC08;2025-07-10;41;233.968
2BA9232CF8AF7E110819BB65050039AA;44673735EAF46E11B7B78A650500BC08;2025-07-09;9;40.710
2BB955CA94897E110819BB65050019AA;44673735EAF46E11B7B78A650500BC08;2025-07-01;5;35.613
2BD9D0EE46CCDE11406610650500A54A;44673735EAF46E11B7B78A650500BC08;2025-07-07;1;4.286
2C0B62D573F7DE11C84610650500507A;44673735EAF46E11B7B78A650500BC08;2025-07-11;2;8.613
2C41062CCAA07E11B7B78A650500CD08;44673735EAF46E11B7B78A650500BC08;2025-07-06;3;13.280
2C7BA3AAF655BE11BE21106505002C5A;44673735EAF46E11B7B78A650500BC08;2025-07-15;2;8.238
2C839D1574A2CE118772106505000569;44673735EAF46E11B7B78A650500BC08;2025-07-22;1;5.677
2C9C08B5BF257E11B7B78A650500ED08;44673735EAF46E11B7B78A650500BC08;2025-07-01;3;20.226
2CC1F06BD20ADE11406610650500F14A;44673735EAF46E11B7B78A650500BC08;2025-07-07;3;12.355
2CD58392A1567E11B7B78A650500ED08;44673735EAF46E11B7B78A650500BC08;2025-07-09;5;23.258
2D303F6FB6197E110819BB65050009AA;44673735EAF46E11B7B78A650500BC08;2025-07-14;4;19.129
2D442D3AAB04BE11BE21106505008A5A;44673735EAF46E11B7B78A650500BC08;2025-07-24;1;6.792
2DA90CDB0321DE11ADB3106505003CB8;44673735EAF46E11B7B78A650500BC08;2025-07-07;6;24.355
2DF0631100C01E1143F0668E42008C3B;44673735EAF46E11B7B78A650500BC08;2025-07-01;1;4.032
2E4DE77554DCAE11BE2110650500515A;44673735EAF46E11B7B78A650500BC08;2025-07-22;2;11.517
2E51F636CB70DE11ADB3106505004BB8;44673735EAF46E11B7B78A650500BC08;2025-07-01;1;5.194
2EAF5F01D0637E11B7B78A650500DD08;44673735EAF46E11B7B78A650500BC08;2025-07-01;3;26.185
2F1087E432760E11A4A96492C0004B38;44673735EAF46E11B7B78A650500BC08;2025-07-01;1;9.097
2FCAFF251905FE1191EE1065050070C9;44673735EAF46E11B7B78A650500BC08;2025-07-13;1;19.609
308D6A3ABBAF7E110819BB65050039AA;44673735EAF46E11B7B78A650500BC08;2025-07-01;1;34.194
3097CDD97E456E11B7B78A650500BC08;44673735EAF46E11B7B78A650500BC08;2025-07-10;7;43.174
30D188956239EE1191EE1065050009B9;44673735EAF46E11B7B78A650500BC08;2025-07-27;1;14.419
3111A93BC7E10F114EF7A826072BE989;44673735EAF46E11B7B78A650500BC08;2025-07-27;2;11.645
312ADE5EAC456E11B7B78A650500BC08;44673735EAF46E11B7B78A650500BC08;2025-07-14;2;10.050
3145995414B9FE11128010650500E819;44673735EAF46E11B7B78A650500BC08;2025-07-01;1;10.226
3166F33B45CF8E11F243BB650500084B;44673735EAF46E11B7B78A650500BC08;2025-07-01;2;22.600
3173CAC5880AEE1191EE1065050009B9;44673735EAF46E11B7B78A650500BC08;2025-07-11;3;17.613
317948383D456E11B7B78A650500BC08;44673735EAF46E11B7B78A650500BC08;2025-07-09;4;19.857
31ADEA7CEB8DED11A62CD892C0003F2A;44673735EAF46E11B7B78A650500BC08;2025-07-30;1;6.355
31F1E94A5A8BDE11406610650500044A;44673735EAF46E11B7B78A650500BC08;2025-07-30;3;59.645
320CBAFEC9B7FE1191EE10650500F3C9;44673735EAF46E11B7B78A650500BC08;2025-07-12;1;4.290
3212B81CF4BA4E1142D58A6505009C08;44673735EAF46E11B7B78A650500BC08;2025-07-28;4;26.677
32204C3634C26E1142D58A650500AD08;44673735EAF46E11B7B78A650500BC08;2025-07-06;13;74.258
322676865F66DE11ADB31065050023C8;44673735EAF46E11B7B78A650500BC08;2025-07-19;1;6.323
33710D5B10556E11B7B78A650500BC08;44673735EAF46E11B7B78A650500BC08;2025-07-23;2;9.226
3487C07166EFBE118772106505008169;44673735EAF46E11B7B78A650500BC08;2025-07-25;1;5.444
363AB36E21C7DE11C84610650500107A;44673735EAF46E11B7B78A650500BC08;2025-07-04;2;10.645
36736176E770BE11BE2110650500F55A;44673735EAF46E11B7B78A650500BC08;2025-07-18;3;12.633
36C8296BC7770E11A4A96492C000EC6A;44673735EAF46E11B7B78A650500BC08;2025-07-23;1;8.355
36FA87CF1DD00F11112A674AC7E28889;44673735EAF46E11B7B78A650500BC08;2025-07-30;10;384.194
37C3840F18363E11052F6792C000FF39;44673735EAF46E11B7B78A650500BC08;2025-07-02;12;53.516
380654D6BCFA7E110819BB65050039AA;44673735EAF46E11B7B78A650500BC08;2025-07-29;1;7.065
38C9FD12FAD7CE11ADB3106505008FA8;44673735EAF46E11B7B78A650500BC08;2025-07-08;5;20.103
38D11EDAC550CE118772106505001269;44673735EAF46E11B7B78A650500BC08;2025-07-20;1;10.968
390029434D06EE1191EE10650500A5B9;44673735EAF46E11B7B78A650500BC08;2025-07-06;1;4.548
392473A4E528CE11ADB310650500EFA8;44673735EAF46E11B7B78A650500BC08;2025-07-02;3;14.645
39277BD1DD456E11B7B78A650500BC08;44673735EAF46E11B7B78A650500BC08;2025-07-02;1;11.633
39B62551B5407E11B7B78A650500CD08;44673735EAF46E11B7B78A650500BC08;2025-07-01;1;5.581
39C5350182AC9E11726010650500794A;44673735EAF46E11B7B78A650500BC08;2025-07-01;1;4.226
3A505CABA02F8E11F243BB650500374B;44673735EAF46E11B7B78A650500BC08;2025-07-12;2;10.143
3A74445DF7300F11F1557891FE699789;44673735EAF46E11B7B78A650500BC08;2025-07-22;1;4.500
3ABDBA0055AE4E1142D58A650500BC08;44673735EAF46E11B7B78A650500BC08;2025-07-31;3;13.806
3B09EE6A88000F11F1557891FE695789;44673735EAF46E11B7B78A650500BC08;2025-07-09;1;6.323
3B4F3575178B3E11052F6792C000D249;44673735EAF46E11B7B78A650500BC08;2025-07-04;5;26.655
3B6C5A1A13080E11A4A96492C00009EB;44673735EAF46E11B7B78A650500BC08;2025-07-22;1;5.000
3B94966E76730F1158A3BB3DBE8EEB89;44673735EAF46E11B7B78A650500BC08;2025-07-29;1;6.652
3BB22E7B3A95DE11ADB31065050012C8;44673735EAF46E11B7B78A650500BC08;2025-07-01;13;67.968
3BCB853456E28E110223BB6505001BAA;44673735EAF46E11B7B78A650500BC08;2025-07-01;3;22.355
3BF47CA246696E11B7B78A650500BC08;44673735EAF46E11B7B78A650500BC08;2025-07-01;1;9.097
3CDEBE2515B4DE11ADB310650500F0C8;44673735EAF46E11B7B78A650500BC08;2025-07-01;2;10.419
3CEADDA1A03AFE11128010650500E819;44673735EAF46E11B7B78A650500BC08;2025-07-27;0.12;3.245
3CF0A14BBF6E8E11F243BB650500564B;44673735EAF46E11B7B78A650500BC08;2025-07-12;3;15.667
3CF310464667BE11877210650500B659;44673735EAF46E11B7B78A650500BC08;2025-07-01;1;4.778
3D0167F43F5F9E117260106505000D4A;44673735EAF46E11B7B78A650500BC08;2025-07-06;1;7.968
3D32A1754C456E11B7B78A650500BC08;44673735EAF46E11B7B78A650500BC08;2025-07-02;12;48.226
3D62BD8A40BB3E11052F6792C000D249;44673735EAF46E11B7B78A650500BC08;2025-07-16;5;28.903
3D77263A378B3E11052F6792C000D249;44673735EAF46E11B7B78A650500BC08;2025-07-10;8;33.552
3E2F47E1F6E10F114EF7A826072BE989;44673735EAF46E11B7B78A650500BC08;2025-07-31;2;17.903
3E5970882DC97E110819BB65050019AA;44673735EAF46E11B7B78A650500BC08;2025-07-06;14;60.935
3E6B6C983392BE11BE2110650500A85A;44673735EAF46E11B7B78A650500BC08;2025-07-10;7;35.129
3E7842E6A642EE11406610650500DC4A;44673735EAF46E11B7B78A650500BC08;2025-07-07;1;5.097
3EC347F6BF6E8E11F243BB650500564B;44673735EAF46E11B7B78A650500BC08;2025-07-10;1;5.769
3F9889072C8EAE11BE2110650500835A;44673735EAF46E11B7B78A650500BC08;2025-07-01;5;24.903
3FD37B03C11A8E11F243BB650500304B;44673735EAF46E11B7B78A650500BC08;2025-07-02;8;96.462
40B4BA3ED4BBEE1191EE1065050029B9;44673735EAF46E11B7B78A650500BC08;2025-07-11;1;16.808
40D2274D653DDE11406610650500364A;44673735EAF46E11B7B78A650500BC08;2025-07-01;2;13.452
4115C985C07BCE11ADB31065050044B8;44673735EAF46E11B7B78A650500BC08;2025-07-03;2;8.621
413A31EA390FEE1191EE1065050029B9;44673735EAF46E11B7B78A650500BC08;2025-07-29;4;119.258
41BEA96910556E11B7B78A650500BC08;44673735EAF46E11B7B78A650500BC08;2025-07-01;1;5.290
4242ED15E68FEE1191EE1065050049B9;44673735EAF46E11B7B78A650500BC08;2025-07-14;3;14.290
4294F80B58138E117E64BB6505004BAA;44673735EAF46E11B7B78A650500BC08;2025-07-06;2;11.581
42B0BB5F01CAED11A62CD892C0003F2A;44673735EAF46E11B7B78A650500BC08;2025-07-01;1;20.290
42B4788D45CF8E11F243BB650500084B;44673735EAF46E11B7B78A650500BC08;2025-07-18;1;5.903
42CA4D974487EE1191EE1065050037B9;44673735EAF46E11B7B78A650500BC08;2025-07-01;2;18.000
42D5114E8C456E11B7B78A650500BC08;44673735EAF46E11B7B78A650500BC08;2025-07-01;2;11.806
42FA6A4DDDC7CE11ADB3106505007FA8;44673735EAF46E11B7B78A650500BC08;2025-07-29;1;7.548
4331172115B4DE11ADB310650500F0C8;44673735EAF46E11B7B78A650500BC08;2025-07-10;6;41.862
43A27077F555BE11BE21106505002C5A;44673735EAF46E11B7B78A650500BC08;2025-07-16;2;10.645
43C45E30A69F6E11B7B78A650500CD08;44673735EAF46E11B7B78A650500BC08;2025-07-17;1;8.484
444E3277238FCE11ADB310650500D9B8;44673735EAF46E11B7B78A650500BC08;2025-07-22;2;8.871
4471B94AB7385E1142D58A650500DC08;44673735EAF46E11B7B78A650500BC08;2025-07-20;1;5.194
44990EFE31EBDE11406610650500744A;44673735EAF46E11B7B78A650500BC08;2025-07-10;3;13.161
4587FD357AA1CE11877210650500C369;44673735EAF46E11B7B78A650500BC08;2025-07-07;13;58.742
460F4929F68FEE1191EE1065050049B9;44673735EAF46E11B7B78A650500BC08;2025-07-14;1;10.560
46881F4B13D0DE11ADB310650500BBB8;44673735EAF46E11B7B78A650500BC08;2025-07-07;15;60.742
46B63D2329363E11052F6792C000FF39;44673735EAF46E11B7B78A650500BC08;2025-07-25;3;12.862
46C66CB929DA3E11052F6792C000D249;44673735EAF46E11B7B78A650500BC08;2025-07-27;1;4.419
46D2FEBA47E4DE11ADB31065050031C8;44673735EAF46E11B7B78A650500BC08;2025-07-06;1;4.516
470D0987256EEE1191EE1065050029B9;44673735EAF46E11B7B78A650500BC08;2025-07-20;1;5.355
4744FA69BF354E1142D58A6505002C08;44673735EAF46E11B7B78A650500BC08;2025-07-08;2;9.273
4783DFBF8BA3BE11BE21106505000A5A;44673735EAF46E11B7B78A650500BC08;2025-07-29;3;12.065
479EDB798B9BEE1191EE1065050029B9;44673735EAF46E11B7B78A650500BC08;2025-07-25;1;5.429
47A0728D653DDE11406610650500364A;44673735EAF46E11B7B78A650500BC08;2025-07-25;2;9.613
47CAE252DFE34E1142D58A6505002C08;44673735EAF46E11B7B78A650500BC08;2025-07-01;1;9.842
481CFFA15980FE1191EE106505008AB9;44673735EAF46E11B7B78A650500BC08;2025-07-11;1;4.150
4866FDC17F320F114EF7A826072B5A89;44673735EAF46E11B7B78A650500BC08;2025-07-01;1;5.000
48772F1D74054E1142D58A6505002C08;44673735EAF46E11B7B78A650500BC08;2025-07-01;2;21.161
4902B39B1D626E1142D58A650500AD08;44673735EAF46E11B7B78A650500BC08;2025-07-06;11;49.419
49596318D7079E11554010650500814B;44673735EAF46E11B7B78A650500BC08;2025-07-01;1;27.226
49777127CC456E11B7B78A650500BC08;44673735EAF46E11B7B78A650500BC08;2025-07-31;1;11.871
49A1F40863039E115540106505004C3B;44673735EAF46E11B7B78A650500BC08;2025-07-07;1;5.750
49AFE694AC456E11B7B78A650500BC08;44673735EAF46E11B7B78A650500BC08;2025-07-01;14;77.839
49CDE97212EFFE11F1557891FE692789;44673735EAF46E11B7B78A650500BC08;2025-07-05;2;11.903
4A02796C1F3CEE1191EE1065050029B9;44673735EAF46E11B7B78A650500BC08;2025-07-01;9;59.452
4A475C7445AE4E1142D58A650500BC08;44673735EAF46E11B7B78A650500BC08;2025-07-25;3;21.481
4A5BD40E69456E11B7B78A650500BC08;44673735EAF46E11B7B78A650500BC08;2025-07-04;4;19.767
4A61EDD6EE907E11B7B78A650500CD08;44673735EAF46E11B7B78A650500BC08;2025-07-06;1;6.968
4A883CA0EAD7CE11ADB3106505008FA8;44673735EAF46E11B7B78A650500BC08;2025-07-14;1;7.419
4AB809C710CAED11A62CD892C0003F2A;44673735EAF46E11B7B78A650500BC08;2025-07-01;1;11.065
4BA90CDB0321DE11ADB3106505003CB8;44673735EAF46E11B7B78A650500BC08;2025-07-19;2;10.143
4BF72E5DC335DE11ADB31065050091C8;44673735EAF46E11B7B78A650500BC08;2025-07-12;3;12.824
4C26195195D3EE11B1AD1065050027EA;44673735EAF46E11B7B78A650500BC08;2025-07-28;1;6.387
4C435DAB29AF7E110819BB65050039AA;44673735EAF46E11B7B78A650500BC08;2025-07-01;4;16.774
4C7BA3AAF655BE11BE21106505002C5A;44673735EAF46E11B7B78A650500BC08;2025-07-18;2;9.034
4CD6B2C753D0DE11ADB310650500BBB8;44673735EAF46E11B7B78A650500BC08;2025-07-01;4;28.258
4CE116DBFA719E11F243BB6505003A4B;44673735EAF46E11B7B78A650500BC08;2025-07-22;1;4.269
4D303F6FB6197E110819BB65050009AA;44673735EAF46E11B7B78A650500BC08;2025-07-12;1;24.032
4D3402189C5DEE1191EE1065050029B9;44673735EAF46E11B7B78A650500BC08;2025-07-18;1;6.533
4D7363CEF04DDE11406610650500464A;44673735EAF46E11B7B78A650500BC08;2025-07-05;1;7.500
4D8C77BF29AF7E110819BB65050039AA;44673735EAF46E11B7B78A650500BC08;2025-07-01;2;43.333
4DC54A9225B4DE11ADB310650500F0C8;44673735EAF46E11B7B78A650500BC08;2025-07-05;7;29.545
4E09394EB8E3BE11BE21106505005A5A;44673735EAF46E11B7B78A650500BC08;2025-07-04;2;14.355
4E72F4AAFB9DDE11406610650500B64A;44673735EAF46E11B7B78A650500BC08;2025-07-22;1;7.677
4E75995414B9FE11128010650500E819;44673735EAF46E11B7B78A650500BC08;2025-07-30;1;5.000
4F62F8F492B77E110819BB65050009AA;44673735EAF46E11B7B78A650500BC08;2025-07-02;2;9.074
4FCB7A20F6197E110819BB65050009AA;44673735EAF46E11B7B78A650500BC08;2025-07-15;5;22.290
4FDE31EFCD9F8E11F243BB650500D74B;44673735EAF46E11B7B78A650500BC08;2025-07-01;7;125.581
502056DBC35FEE1191EE1065050029B9;44673735EAF46E11B7B78A650500BC08;2025-07-14;1;4.097
502FAD6CE71BDE11406610650500634A;44673735EAF46E11B7B78A650500BC08;2025-07-25;2;13.560
5033858A88000F11F1557891FE695789;44673735EAF46E11B7B78A650500BC08;2025-07-11;1;5.360
5096C19D764E3E11052F6792C000D249;44673735EAF46E11B7B78A650500BC08;2025-07-24;3;13.786
509E148491878E11F243BB650500FC3B;44673735EAF46E11B7B78A650500BC08;2025-07-17;2;9.419
50D7425738A17E11B7B78A650500CD08;44673735EAF46E11B7B78A650500BC08;2025-07-01;3;35.903
510C339B9C937E11B7B78A650500DD08;44673735EAF46E11B7B78A650500BC08;2025-07-01;25.44;141.317
513230399F886E11B7B78A650500BC08;44673735EAF46E11B7B78A650500BC08;2025-07-02;2;11.839
51361D8F49BFEE1191EE1065050089B9;44673735EAF46E11B7B78A650500BC08;2025-07-01;5;23.806
519DC998EB456E11B7B78A650500BC08;44673735EAF46E11B7B78A650500BC08;2025-07-20;3;16.233
5230219A2D559E115540106505006F3B;44673735EAF46E11B7B78A650500BC08;2025-07-31;1;4.065
5231030713C47E11B7B78A650500ED08;44673735EAF46E11B7B78A650500BC08;2025-07-27;1;9.643
527566A724F96E11B7B78A650500BC08;44673735EAF46E11B7B78A650500BC08;2025-07-01;1;24.000
5293ED836366EE1191EE1065050016B9;44673735EAF46E11B7B78A650500BC08;2025-07-01;1;22.227
52DBF98D98F07E11B7B78A650500CD08;44673735EAF46E11B7B78A650500BC08;2025-07-20;1;6.414
53356D0E4D456E11B7B78A650500BC08;44673735EAF46E11B7B78A650500BC08;2025-07-23;2;10.806
536A64C1AAD7CE11ADB3106505008FA8;44673735EAF46E11B7B78A650500BC08;2025-07-04;1;5.871
53AA7E39CE456E11B7B78A650500BC08;44673735EAF46E11B7B78A650500BC08;2025-07-26;1;6.407
54384A7B0321DE11ADB3106505003CB8;44673735EAF46E11B7B78A650500BC08;2025-07-18;2;9.419
54ABA6B1D132BE11BE2110650500285A;44673735EAF46E11B7B78A650500BC08;2025-07-21;1;5.194
54EFD822578B3E11052F6792C000D249;44673735EAF46E11B7B78A650500BC08;2025-07-01;1;10.387
550AD4969DA11E1143F0668E42008C3B;44673735EAF46E11B7B78A650500BC08;2025-07-01;1;4.161
5624D5E2AEEBCE11ADB310650500E4B8;44673735EAF46E11B7B78A650500BC08;2025-07-01;2;14.710
56CFADE7DB9C7E110819BB65050039AA;44673735EAF46E11B7B78A650500BC08;2025-07-02;1;6.129
56E7638DDBCBAE11BE2110650500005A;44673735EAF46E11B7B78A650500BC08;2025-07-08;5;20.538
56FBEABD7C456E11B7B78A650500BC08;44673735EAF46E11B7B78A650500BC08;2025-07-18;3;55.304
5745D8A0761E8E11F243BB650500E54B;44673735EAF46E11B7B78A650500BC08;2025-07-04;2;21.263
5755DEF2224DDE11406610650500464A;44673735EAF46E11B7B78A650500BC08;2025-07-01;1;22.290
57A6BB90A8F07E11B7B78A650500CD08;44673735EAF46E11B7B78A650500BC08;2025-07-01;3;29.871
57A9B25E9C456E11B7B78A650500BC08;44673735EAF46E11B7B78A650500BC08;2025-07-01;2.89;39.084
57B15988074DFE11F1557891FE69D389;44673735EAF46E11B7B78A650500BC08;2025-07-24;2;52.097
57CBC3515C020F114EF7A826072B1A89;44673735EAF46E11B7B78A650500BC08;2025-07-01;8;39.935
58512029C7420F114EF7A826072B6A89;44673735EAF46E11B7B78A650500BC08;2025-07-01;2;9.742
58F2EB04AA4FFE11F1557891FE696689;44673735EAF46E11B7B78A650500BC08;2025-07-30;8;39.806
592001789A8D7E110819BB65050039AA;44673735EAF46E11B7B78A650500BC08;2025-07-29;4;18.065
594939F21CA5FE1191EE1065050041C9;44673735EAF46E11B7B78A650500BC08;2025-07-17;7;30.290
595E5E23B42AFE11128010650500E819;44673735EAF46E11B7B78A650500BC08;2025-07-06;4;16.148
59807996CB70DE11ADB3106505004BB8;44673735EAF46E11B7B78A650500BC08;2025-07-27;3;13.037
59F58DB5AC456E11B7B78A650500BC08;44673735EAF46E11B7B78A650500BC08;2025-07-29;11;53.806
59F9CF81DC758E113835BB6505005EAA;44673735EAF46E11B7B78A650500BC08;2025-07-26;2;8.448
5A505CABA02F8E11F243BB650500374B;44673735EAF46E11B7B78A650500BC08;2025-07-26;2;14.435
5B0C3ACEDC410F11112A674AC7E21989;44673735EAF46E11B7B78A650500BC08;2025-07-01;2;10.871
5B2ADDA1A03AFE11128010650500E819;44673735EAF46E11B7B78A650500BC08;2025-07-23;1.2;5.693
5BAD3F9617C9DE11406610650500A14A;44673735EAF46E11B7B78A650500BC08;2025-07-30;3;163.129
5C9E47EAD0CAED11A62CD892C0003F2A;44673735EAF46E11B7B78A650500BC08;2025-07-01;1;21.968
5D593546FE456E11B7B78A650500BC08;44673735EAF46E11B7B78A650500BC08;2025-07-04;6;29.032
5E0BF21D1CE76E11B7B78A650500BC08;44673735EAF46E11B7B78A650500BC08;2025-07-02;10;45.871
5EAA17C65FE39E115540106505007D3B;44673735EAF46E11B7B78A650500BC08;2025-07-29;1;7.806
5F6FB9B5BB363E11052F6792C000FF39;44673735EAF46E11B7B78A650500BC08;2025-07-16;1;6.478
5F9CC838EB456E11B7B78A650500BC08;44673735EAF46E11B7B78A650500BC08;2025-07-01;1;5.633
6064110910556E11B7B78A650500BC08;44673735EAF46E11B7B78A650500BC08;2025-07-24;4;19.065
6086718F3C456E11B7B78A650500BC08;44673735EAF46E11B7B78A650500BC08;2025-07-25;2;11.741
60B15D3EDF456E11B7B78A650500BC08;44673735EAF46E11B7B78A650500BC08;2025-07-31;2;10.387
60BE76E2DC456E11B7B78A650500BC08;44673735EAF46E11B7B78A650500BC08;2025-07-28;1;8.933
60CD143134B0FE1191EE10650500CAB9;44673735EAF46E11B7B78A650500BC08;2025-07-01;7;28.032
60F9CAB8E770BE11BE2110650500F55A;44673735EAF46E11B7B78A650500BC08;2025-07-01;5;22.935
6102EDDAC92F6E11B7B78A650500CD08;44673735EAF46E11B7B78A650500BC08;2025-07-01;1;28.409
61076332514C7E110819BB65050039AA;44673735EAF46E11B7B78A650500BC08;2025-07-09;1;4.333
618FCC456923FE1191EE10650500FDB9;44673735EAF46E11B7B78A650500BC08;2025-07-13;2;9.059
61B7D62572907E11B7B78A650500CD08;44673735EAF46E11B7B78A650500BC08;2025-07-01;2;8.357
61BD434BF77A9E115250106505007B4A;44673735EAF46E11B7B78A650500BC08;2025-07-03;1;4.452
61CD8984ABE1EE114066106505006C4A;44673735EAF46E11B7B78A650500BC08;2025-07-10;2;25.645
62073ECDAD8BEE1191EE1065050029B9;44673735EAF46E11B7B78A650500BC08;2025-07-02;2;9.710
62185D0DB9456E11B7B78A650500BC08;44673735EAF46E11B7B78A650500BC08;2025-07-02;2;8.065
628935AEEC96BE11877210650500B559;44673735EAF46E11B7B78A650500BC08;2025-07-07;3;14.871
62BE66F7BA0E8E11F243BB650500D54B;44673735EAF46E11B7B78A650500BC08;2025-07-01;2;9.581
62C0565E2E456E11B7B78A650500BC08;44673735EAF46E11B7B78A650500BC08;2025-07-01;29.5;406.968
63032E5C45CF8E11F243BB650500084B;44673735EAF46E11B7B78A650500BC08;2025-07-11;7;29.484
632FBA0ACD456E11B7B78A650500BC08;44673735EAF46E11B7B78A650500BC08;2025-07-28;1;5.710
63AED5E52965DE11ADB310650500D1C8;44673735EAF46E11B7B78A650500BC08;2025-07-28;1;4.033
63C0462596C0DE11ADB310650500ABB8;44673735EAF46E11B7B78A650500BC08;2025-07-10;11;46.774
63E2E9D28C456E11B7B78A650500BC08;44673735EAF46E11B7B78A650500BC08;2025-07-01;2;9.161
641DDD8EBAC9FE11128010650500E819;44673735EAF46E11B7B78A650500BC08;2025-07-01;4;16.806
64DD96928FCA9E11525010650500EB4A;44673735EAF46E11B7B78A650500BC08;2025-07-01;2;60.452
656CE14AB35B6E11B7B78A650500BC08;44673735EAF46E11B7B78A650500BC08;2025-07-05;1;6.000
66073A49E736FE1191EE10650500F1C9;44673735EAF46E11B7B78A650500BC08;2025-07-22;4;16.323
661D20C3D004FE1191EE106505001FB9;44673735EAF46E11B7B78A650500BC08;2025-07-01;2;8.645
66FB9C94CC22AE11726010650500905A;44673735EAF46E11B7B78A650500BC08;2025-07-26;1;7.677
6724133ED547DE11C846106505007F6A;44673735EAF46E11B7B78A650500BC08;2025-07-24;2;9.480
6784560C0D456E11B7B78A650500BC08;44673735EAF46E11B7B78A650500BC08;2025-07-05;1;4.419
6835D7B40653CE11877210650500E569;44673735EAF46E11B7B78A650500BC08;2025-07-01;1;4.708
683904ECAD62FE1191EE10650500FCB9;44673735EAF46E11B7B78A650500BC08;2025-07-31;2;8.387
6881A0412392BE11BE2110650500A85A;44673735EAF46E11B7B78A650500BC08;2025-07-30;2;9.516
68868A19E770BE11BE2110650500F55A;44673735EAF46E11B7B78A650500BC08;2025-07-01;4;17.645
68F551B23E456E11B7B78A650500BC08;44673735EAF46E11B7B78A650500BC08;2025-07-01;8;32.194
691CB051659F6E11B7B78A650500CD08;44673735EAF46E11B7B78A650500BC08;2025-07-01;10;53.419
693232DA8D410F11112A674AC7E21989;44673735EAF46E11B7B78A650500BC08;2025-07-01;1;7.194
6948FEE04A108E110819BB65050039AA;44673735EAF46E11B7B78A650500BC08;2025-07-19;14;65.806
6A16E1512D456E11B7B78A650500BC08;44673735EAF46E11B7B78A650500BC08;2025-07-10;41;172.032
6A299E04278FAE11BE2110650500C45A;44673735EAF46E11B7B78A650500BC08;2025-07-29;1;14.194
6A29FA1D9B4D7E110819BB65050039AA;44673735EAF46E11B7B78A650500BC08;2025-07-22;2;8.452
6B23154BEAA07E11B7B78A650500CD08;44673735EAF46E11B7B78A650500BC08;2025-07-08;3;15.194
6BA7AB71A5118E110819BB65050039AA;44673735EAF46E11B7B78A650500BC08;2025-07-25;2;11.286
6C0731BB9505FE1191EE1065050070C9;44673735EAF46E11B7B78A650500BC08;2025-07-02;1;68.968
6C2B993DAC456E11B7B78A650500BC08;44673735EAF46E11B7B78A650500BC08;2025-07-29;3;14.000
6C7458BD99AC7E110819BB65050039AA;44673735EAF46E11B7B78A650500BC08;2025-07-17;3;43.583
6C94CAAF3C387E110819BB65050009AA;44673735EAF46E11B7B78A650500BC08;2025-07-11;5;24.710
6D3AE6B8CC456E11B7B78A650500BC08;44673735EAF46E11B7B78A650500BC08;2025-07-01;1;23.957
6D83423E86640F114EF7A826072B1D89;44673735EAF46E11B7B78A650500BC08;2025-07-23;2.6;12.445
6E10C087E568DE11C84610650500E07A;44673735EAF46E11B7B78A650500BC08;2025-07-15;2;8.273
6E11B586FF15EE11B1AD10650500C8EA;44673735EAF46E11B7B78A650500BC08;2025-07-31;1;5.290
6E32FE6519A47E11B7B78A650500ED08;44673735EAF46E11B7B78A650500BC08;2025-07-02;3;14.000
6E6B3CC759B30F114EF7A826072B3C89;44673735EAF46E11B7B78A650500BC08;2025-07-10;1;5.767
6F1862B5B9F27E11B7B78A650500DD08;44673735EAF46E11B7B78A650500BC08;2025-07-01;4;84.258
6F4BCFB931CAED11A62CD892C0003F2A;44673735EAF46E11B7B78A650500BC08;2025-07-01;4;17.762
6F5C90B94094DE11ADB310650500C0C8;44673735EAF46E11B7B78A650500BC08;2025-07-01;2;8.115
6FAC2271E0CAED11A62CD892C0003F2A;44673735EAF46E11B7B78A650500BC08;2025-07-13;2;8.258
707785D8D0CAED11A62CD892C0003F2A;44673735EAF46E11B7B78A650500BC08;2025-07-07;1;6.179
70A76EE2378B3E11052F6792C000D249;44673735EAF46E11B7B78A650500BC08;2025-07-01;10;40.226
70CB89D5C11A8E11F243BB650500304B;44673735EAF46E11B7B78A650500BC08;2025-07-01;2;8.737
712ADE5EAC456E11B7B78A650500BC08;44673735EAF46E11B7B78A650500BC08;2025-07-31;1;7.194
71ACEF9C7E456E11B7B78A650500BC08;44673735EAF46E11B7B78A650500BC08;2025-07-06;24;116.742
71E4ED82FAD7CE11ADB3106505008FA8;44673735EAF46E11B7B78A650500BC08;2025-07-05;8;52.862
71FA764BBC3ABE118772106505005A59;44673735EAF46E11B7B78A650500BC08;2025-07-01;4;18.871
7274E61DA0CAED11A62CD892C0003F2A;44673735EAF46E11B7B78A650500BC08;2025-07-01;1;33.419
72AF38F5A6F5AE11BE2110650500984A;44673735EAF46E11B7B78A650500BC08;2025-07-12;4;17.481
72B0895082C97E110819BB65050019AA;44673735EAF46E11B7B78A650500BC08;2025-07-24;1;15.355
72DB203282E3DE11ADB310650500CFB8;44673735EAF46E11B7B78A650500BC08;2025-07-01;1;4.774
72F06262B0A1EE11406610650500FB4A;44673735EAF46E11B7B78A650500BC08;2025-07-28;2;8.097
733380CE4A456E11B7B78A650500BC08;44673735EAF46E11B7B78A650500BC08;2025-07-29;3;25.194
7357CADF84DDBE11877210650500EE59;44673735EAF46E11B7B78A650500BC08;2025-07-21;8;32.417
73AA73AEB646CE11ADB3106505008DA8;44673735EAF46E11B7B78A650500BC08;2025-07-17;1;5.710
73B8BCAA811FCE11ADB31065050029B8;44673735EAF46E11B7B78A650500BC08;2025-07-06;3;12.516
73BD324B03078E11F243BB6505005C3B;44673735EAF46E11B7B78A650500BC08;2025-07-01;2;16.387
73BFEA7CFA300F11F1557891FE699789;44673735EAF46E11B7B78A650500BC08;2025-07-01;1;5.645
7421D87750600F11F1557891FE69C789;44673735EAF46E11B7B78A650500BC08;2025-07-26;3;13.968
743956F7E770BE11BE2110650500F55A;44673735EAF46E11B7B78A650500BC08;2025-07-01;2;31.241
744395195923FE1191EE10650500FDB9;44673735EAF46E11B7B78A650500BC08;2025-07-13;9;42.774
745228D68709DE11C84610650500B17A;44673735EAF46E11B7B78A650500BC08;2025-07-02;2;17.548
74582DFEB655BE11BE21106505002C5A;44673735EAF46E11B7B78A650500BC08;2025-07-02;3;14.387
7522F27C92E0DE11ADB310650500DBB8;44673735EAF46E11B7B78A650500BC08;2025-07-03;6;25.839
7553833926FCDE11406610650500E54A;44673735EAF46E11B7B78A650500BC08;2025-07-13;43;184.968
75902C50ED456E11B7B78A650500BC08;44673735EAF46E11B7B78A650500BC08;2025-07-28;2;10.097
7590B1D13DF2FD110DC22A92C000C499;44673735EAF46E11B7B78A650500BC08;2025-07-01;3;12.419
76295391A924CE11877210650500F669;44673735EAF46E11B7B78A650500BC08;2025-07-06;10;62.935
762C770EBC787E110819BB65050009AA;44673735EAF46E11B7B78A650500BC08;2025-07-05;14;56.968
7656CB4D25037E11B7B78A650500DD08;44673735EAF46E11B7B78A650500BC08;2025-07-11;12;49.419
767B49D1D1405E1142D58A650500BC08;44673735EAF46E11B7B78A650500BC08;2025-07-07;1;6.714
76D9847273D0DE11ADB310650500BBB8;44673735EAF46E11B7B78A650500BC08;2025-07-31;6;47.143
770041189AC9FE11128010650500E819;44673735EAF46E11B7B78A650500BC08;2025-07-01;2;16.200
771E3601BAC9FE11128010650500E819;44673735EAF46E11B7B78A650500BC08;2025-07-13;4;17.645
773F94E812AB7E110819BB65050039AA;44673735EAF46E11B7B78A650500BC08;2025-07-04;1;7.762
77C4680A9C456E11B7B78A650500BC08;44673735EAF46E11B7B78A650500BC08;2025-07-01;9;53.419
77D8A4B271D6FD110DC22A92C000D158;44673735EAF46E11B7B78A650500BC08;2025-07-07;2;9.519
77F549C2CF34FE1191EE106505006FB9;44673735EAF46E11B7B78A650500BC08;2025-07-02;1;5.548
78150BE545EBEE1191EE1065050029B9;44673735EAF46E11B7B78A650500BC08;2025-07-24;58;256.774
781FFB92D0F27E11B7B78A650500DD08;44673735EAF46E11B7B78A650500BC08;2025-07-27;6;25.161
7854AB3DD6568E11F243BB6505007B3B;44673735EAF46E11B7B78A650500BC08;2025-07-28;7;30.968
7955255D3039EE1191EE1065050009B9;44673735EAF46E11B7B78A650500BC08;2025-07-28;3;14.258
797A618FAC456E11B7B78A650500BC08;44673735EAF46E11B7B78A650500BC08;2025-07-20;6;24.968
79C19A8C87449E11554010650500ED3B;44673735EAF46E11B7B78A650500BC08;2025-07-13;3;15.065
79C7D916B0CAED11A62CD892C0003F2A;44673735EAF46E11B7B78A650500BC08;2025-07-31;1;5.226
7A0C8AFE43735E1142D58A650500DC08;44673735EAF46E11B7B78A650500BC08;2025-07-10;2;8.500
7AB9F50410A4DE11ADB310650500D0C8;44673735EAF46E11B7B78A650500BC08;2025-07-10;1;4.548
7B4583BE45CF8E11F243BB650500084B;44673735EAF46E11B7B78A650500BC08;2025-07-16;3;12.483
7BE5F75422A5BE11BE21106505008C5A;44673735EAF46E11B7B78A650500BC08;2025-07-01;1;23.290
7BFF0450D0CAED11A62CD892C0003F2A;44673735EAF46E11B7B78A650500BC08;2025-07-01;1;4.862
7C0656F6E494AE11726010650500A35A;44673735EAF46E11B7B78A650500BC08;2025-07-01;3;15.296
7C5807BA16037E11B7B78A650500DD08;44673735EAF46E11B7B78A650500BC08;2025-07-01;1;9.903
7CA2A674EA96FE1191EE1065050072C9;44673735EAF46E11B7B78A650500BC08;2025-07-29;1;4.613
7CD687CFF2B6FE1191EE1065050092C9;44673735EAF46E11B7B78A650500BC08;2025-07-03;11;47.609
7D0589672C8EAE11BE2110650500835A;44673735EAF46E11B7B78A650500BC08;2025-07-24;3;16.367
7D6FB9B5BB363E11052F6792C000FF39;44673735EAF46E11B7B78A650500BC08;2025-07-27;2;8.871
7DBAEE6A88000F11F1557891FE695789;44673735EAF46E11B7B78A650500BC08;2025-07-01;1;8.069
7E1EA5A1801C3E11052F6792C000D249;44673735EAF46E11B7B78A650500BC08;2025-07-01;8;45.533
7E8FA3ED4CA79E11554010650500524B;44673735EAF46E11B7B78A650500BC08;2025-07-17;1;4.129
7E9D74142D456E11B7B78A650500BC08;44673735EAF46E11B7B78A650500BC08;2025-07-08;3;13.161
7ECD67485BCA7E110819BB65050039AA;44673735EAF46E11B7B78A650500BC08;2025-07-16;2;8.903
7ED1C977227DCE11ADB31065050007B8;44673735EAF46E11B7B78A650500BC08;2025-07-05;3;13.871
7EF0C4F931307E11B7B78A650500CD08;44673735EAF46E11B7B78A650500BC08;2025-07-11;1;51.375
7FEE70D0A4ABEE1191EE1065050029B9;44673735EAF46E11B7B78A650500BC08;2025-07-26;2;8.968
8000588963039E115540106505004C3B;44673735EAF46E11B7B78A650500BC08;2025-07-22;1;10.806
801D707E6EEAAE11BE2110650500EE4A;44673735EAF46E11B7B78A650500BC08;2025-07-24;6;55.129
80C7AF48DD8A7E110819BB65050039AA;44673735EAF46E11B7B78A650500BC08;2025-07-25;8;34.419
8111AE827E2EBE118772106505005F59;44673735EAF46E11B7B78A650500BC08;2025-07-01;1;9.194
811E84EBBD1EFE11F1557891FE69E489;44673735EAF46E11B7B78A650500BC08;2025-07-01;1;8.903
81793D100D456E11B7B78A650500BC08;44673735EAF46E11B7B78A650500BC08;2025-07-06;1;4.258
819A95426F5CCE11ADB31065050095B8;44673735EAF46E11B7B78A650500BC08;2025-07-01;1;4.793
81D7FCBC46A40F114EF7A826072B6D89;44673735EAF46E11B7B78A650500BC08;2025-07-08;1;6.476
820EF28D8F7CBE118772106505003D59;44673735EAF46E11B7B78A650500BC08;2025-07-04;3;14.806
8274BD32490FEE1191EE1065050029B9;44673735EAF46E11B7B78A650500BC08;2025-07-27;10;40.226
828E9EE7F60ADE11406610650500F14A;44673735EAF46E11B7B78A650500BC08;2025-07-21;2;10.355
82B0D28D3C456E11B7B78A650500BC08;44673735EAF46E11B7B78A650500BC08;2025-07-01;1;9.129
834A7A192CBE9E117260106505003C4A;44673735EAF46E11B7B78A650500BC08;2025-07-01;7;33.419
83ABC2B7AE7F6E11B7B78A650500CD08;44673735EAF46E11B7B78A650500BC08;2025-07-01;4;20.452
84697977EB456E11B7B78A650500BC08;44673735EAF46E11B7B78A650500BC08;2025-07-15;1;14.481
850731F72442EE11406610650500DC4A;44673735EAF46E11B7B78A650500BC08;2025-07-01;1;4.421
85380AE30653CE11877210650500E569;44673735EAF46E11B7B78A650500BC08;2025-07-28;1;4.387
85AA0BD3CC22AE11726010650500905A;44673735EAF46E11B7B78A650500BC08;2025-07-28;2;19.448
86801856A6F5AE11BE2110650500984A;44673735EAF46E11B7B78A650500BC08;2025-07-01;4;18.724
86AC7DEBCA098E11F243BB650500EE3B;44673735EAF46E11B7B78A650500BC08;2025-07-23;1;10.375
86D5D8D9899BEE1191EE1065050029B9;44673735EAF46E11B7B78A650500BC08;2025-07-10;1;9.194
87157365F6550F114EF7A826072B4E89;44673735EAF46E11B7B78A650500BC08;2025-07-26;1;16.375
87A0D005D78FAE11BE2110650500C45A;44673735EAF46E11B7B78A650500BC08;2025-07-29;1;6.419
87A420B35BEC9E11726010650500D94A;44673735EAF46E11B7B78A650500BC08;2025-07-04;2;10.161
87C9FB600BC47E11B7B78A650500ED08;44673735EAF46E11B7B78A650500BC08;2025-07-01;3;13.677
8837CD6E94CBCE11ADB310650500B4B8;44673735EAF46E11B7B78A650500BC08;2025-07-01;8;57.097
886DD158D0CAED11A62CD892C0003F2A;44673735EAF46E11B7B78A650500BC08;2025-07-26;1;4.871
888F26E18257DE11C846106505008F6A;44673735EAF46E11B7B78A650500BC08;2025-07-23;1;4.387
88C9FD12FAD7CE11ADB3106505008FA8;44673735EAF46E11B7B78A650500BC08;2025-07-12;2;9.500
8914E203CC758E113835BB6505005EAA;44673735EAF46E11B7B78A650500BC08;2025-07-01;1;9.903
89228DA74BDADE11406610650500134A;44673735EAF46E11B7B78A650500BC08;2025-07-01;73;341.387
892CD956A0CAED11A62CD892C0003F2A;44673735EAF46E11B7B78A650500BC08;2025-07-09;1;5.323
89F8BFB45D456E11B7B78A650500BC08;44673735EAF46E11B7B78A650500BC08;2025-07-04;2;10.355
8A7041189AC9FE11128010650500E819;44673735EAF46E11B7B78A650500BC08;2025-07-18;3;17.355
8B205C4A63039E115540106505004C3B;44673735EAF46E11B7B78A650500BC08;2025-07-01;1;5.161
8B22C2BEDFF0AE117260106505001F4A;44673735EAF46E11B7B78A650500BC08;2025-07-11;2;8.452
8B247AC845B4DE11ADB310650500F0C8;44673735EAF46E11B7B78A650500BC08;2025-07-01;2;31.516
8B8D71CFC5360F1158A3BB3DBE8E6F89;44673735EAF46E11B7B78A650500BC08;2025-07-24;3;12.556
8B9A732C14BEEE1191EE1065050029B9;44673735EAF46E11B7B78A650500BC08;2025-07-14;2;12.129
8BD58392A1567E11B7B78A650500ED08;44673735EAF46E11B7B78A650500BC08;2025-07-28;2;10.000
8BED8D0E0E809E11F243BB650500094B;44673735EAF46E11B7B78A650500BC08;2025-07-03;6;26.290
8BEFAB5084D57E11B7B78A650500ED08;44673735EAF46E11B7B78A650500BC08;2025-07-30;2;8.500
8C4F7CC7A9456E11B7B78A650500BC08;44673735EAF46E11B7B78A650500BC08;2025-07-15;1;4.107
8CB12BC9C6838E113835BB6505000CAA;44673735EAF46E11B7B78A650500BC08;2025-07-24;6;28.548
8D1D6F7699A9CE11ADB310650500E1B8;44673735EAF46E11B7B78A650500BC08;2025-07-25;2;8.774
8E169D8C376ADE11406610650500724A;44673735EAF46E11B7B78A650500BC08;2025-07-10;1;5.286
8E40DCEDC5C0CE11877210650500A269;44673735EAF46E11B7B78A650500BC08;2025-07-01;3;19.000
8E6E948E05B4DE11ADB310650500F0C8;44673735EAF46E11B7B78A650500BC08;2025-07-01;1;16.065
8E87459A0AA07E11B7B78A650500CD08;44673735EAF46E11B7B78A650500BC08;2025-07-30;1;5.290
8EC889ED0A37EE1191EE10650500D6B9;44673735EAF46E11B7B78A650500BC08;2025-07-28;2;9.516
8EEE57A734054E1142D58A6505002C08;44673735EAF46E11B7B78A650500BC08;2025-07-01;1;13.903
8F2CE61456999E115250106505005A4A;44673735EAF46E11B7B78A650500BC08;2025-07-22;5;21.484
90D188956239EE1191EE1065050009B9;44673735EAF46E11B7B78A650500BC08;2025-07-30;5;20.548
90DF7E1A3694BE11BE21106505003B5A;44673735EAF46E11B7B78A650500BC08;2025-07-01;3;12.871
90E9236D2640FE1191EE106505003AB9;44673735EAF46E11B7B78A650500BC08;2025-07-12;14;61.871
9170636724C26E1142D58A650500AD08;44673735EAF46E11B7B78A650500BC08;2025-07-08;11;65.516
920AF52CE8087E110819BB65050009AA;44673735EAF46E11B7B78A650500BC08;2025-07-19;1;5.926
92635722AE4A7E110819BB65050039AA;44673735EAF46E11B7B78A650500BC08;2025-07-24;1;5.161
928337E93F16CE11ADB3106505008DA8;44673735EAF46E11B7B78A650500BC08;2025-07-24;1;5.419
9286EF735A2A9E115250106505001B4A;44673735EAF46E11B7B78A650500BC08;2025-07-01;2;16.258
92B14575E039EE1191EE1065050009B9;44673735EAF46E11B7B78A650500BC08;2025-07-01;4;20.065
92B287231D96BE11877210650500B559;44673735EAF46E11B7B78A650500BC08;2025-07-01;2;12.033
935ECEDC4439BE118772106505000959;44673735EAF46E11B7B78A650500BC08;2025-07-31;1;4.774
93A88B2863F7DE11C84610650500507A;44673735EAF46E11B7B78A650500BC08;2025-07-01;5;29.774
9400099B5BAF7E110819BB65050039AA;44673735EAF46E11B7B78A650500BC08;2025-07-01;2;16.258
943956F7E770BE11BE2110650500F55A;44673735EAF46E11B7B78A650500BC08;2025-07-25;6;28.484
9473EB04AA4FFE11F1557891FE696689;44673735EAF46E11B7B78A650500BC08;2025-07-01;1;10.742
948D5D43D090BE11BE2110650500165A;44673735EAF46E11B7B78A650500BC08;2025-07-01;1;9.419
955C03025B667E11B7B78A650500ED08;44673735EAF46E11B7B78A650500BC08;2025-07-01;2;42.258
955F44D691E58E11F243BB650500DA3B;44673735EAF46E11B7B78A650500BC08;2025-07-06;17;72.097
9669C44B146B3E11052F6792C000D249;44673735EAF46E11B7B78A650500BC08;2025-07-16;2;15.226
97280FA5418CBE118772106505003D59;44673735EAF46E11B7B78A650500BC08;2025-07-08;2;9.774
97AE8CE70888BE118772106505002859;44673735EAF46E11B7B78A650500BC08;2025-07-14;3;12.136
97F1FAE79FF40F114EF7A826072BDD89;44673735EAF46E11B7B78A650500BC08;2025-07-12;1;6.077
982950A3AA187E110819BB65050009AA;44673735EAF46E11B7B78A650500BC08;2025-07-01;3;26.857
986D741F27017E11B7B78A650500CD08;44673735EAF46E11B7B78A650500BC08;2025-07-31;2;10.774
98801856A6F5AE11BE2110650500984A;44673735EAF46E11B7B78A650500BC08;2025-07-01;4;22.419
99020AE15D4DDE11406610650500564A;44673735EAF46E11B7B78A650500BC08;2025-07-01;1;6.903
993F0BD9DE7F6E11B7B78A650500CD08;44673735EAF46E11B7B78A650500BC08;2025-07-01;4;21.258
993F26818257DE11C846106505008F6A;44673735EAF46E11B7B78A650500BC08;2025-07-20;1;9.875
997A618FAC456E11B7B78A650500BC08;44673735EAF46E11B7B78A650500BC08;2025-07-21;1;22.053
99FDA01AE43ACE11ADB31065050092B8;44673735EAF46E11B7B78A650500BC08;2025-07-01;2;9.484
9A063548A42AFE11128010650500E819;44673735EAF46E11B7B78A650500BC08;2025-07-17;4;23.097
9A29DD479C456E11B7B78A650500BC08;44673735EAF46E11B7B78A650500BC08;2025-07-03;2;12.593
9A98DA2F7FCCCE11ADB31065050026B8;44673735EAF46E11B7B78A650500BC08;2025-07-17;2;8.548
9AD4F380C0D2FE1191EE106505007DB9;44673735EAF46E11B7B78A650500BC08;2025-07-01;4;56.516
9AD8A4B271D6FD110DC22A92C000D158;44673735EAF46E11B7B78A650500BC08;2025-07-12;4;20.516
9B16E1512D456E11B7B78A650500BC08;44673735EAF46E11B7B78A650500BC08;2025-07-14;13;56.774
9B6BDDA1A03AFE11128010650500E819;44673735EAF46E11B7B78A650500BC08;2025-07-26;2.05;8.561
9BD555249C456E11B7B78A650500BC08;44673735EAF46E11B7B78A650500BC08;2025-07-01;25;156.968
9C1F251DEFA9FE11128010650500E819;44673735EAF46E11B7B78A650500BC08;2025-07-01;1;4.710
9C46F3C720BACE11ADB31065050033B8;44673735EAF46E11B7B78A650500BC08;2025-07-02;1;10.179
9CB5774A474AAE11BE21106505001E4A;44673735EAF46E11B7B78A650500BC08;2025-07-01;1;4.833
9CCABCE39FBEEE1191EE1065050029B9;44673735EAF46E11B7B78A650500BC08;2025-07-12;2;9.741
9CCD4DDEFADEAE11BE2110650500E35A;44673735EAF46E11B7B78A650500BC08;2025-07-01;1;6.323
9CF930DBBD1EFE11F1557891FE69E489;44673735EAF46E11B7B78A650500BC08;2025-07-01;4;27.742
9D6C918663039E115540106505004C3B;44673735EAF46E11B7B78A650500BC08;2025-07-22;1;4.130
9D9FD44ECBFDCE11ADB310650500C7B8;44673735EAF46E11B7B78A650500BC08;2025-07-03;2;9.677
9E05833250A30F114EF7A826072B1C89;44673735EAF46E11B7B78A650500BC08;2025-07-27;0.3;2.416
9E96487919DDCE11ADB31065050097B8;44673735EAF46E11B7B78A650500BC08;2025-07-31;3;18.452
9EBB3A61A742FE1191EE10650500CCB9;44673735EAF46E11B7B78A650500BC08;2025-07-01;1;4.226
9F012534327DCE11ADB31065050007B8;44673735EAF46E11B7B78A650500BC08;2025-07-29;3;13.667
9F13657FCAD0FE1191EE10650500FAB9;44673735EAF46E11B7B78A650500BC08;2025-07-11;4;19.258
9F3453A763039E115540106505004C3B;44673735EAF46E11B7B78A650500BC08;2025-07-11;1;9.194
9F742C7668415E1142D58A650500BC08;44673735EAF46E11B7B78A650500BC08;2025-07-01;3;15.516
9F9889072C8EAE11BE2110650500835A;44673735EAF46E11B7B78A650500BC08;2025-07-14;13;53.217
9FC3E90E21FA8E11F243BB650500514B;44673735EAF46E11B7B78A650500BC08;2025-07-03;4;30.677
9FC4B2FC1D456E11B7B78A650500BC08;44673735EAF46E11B7B78A650500BC08;2025-07-01;1;7.097
9FFF488963039E115540106505004C3B;44673735EAF46E11B7B78A650500BC08;2025-07-14;2;9.300
A0A248E2166E9E11726010650500CB4A;44673735EAF46E11B7B78A650500BC08;2025-07-04;13;60.323
A0B51C4819A47E11B7B78A650500ED08;44673735EAF46E11B7B78A650500BC08;2025-07-06;2;8.097
A0C1B01B55B4DE11ADB310650500F0C8;44673735EAF46E11B7B78A650500BC08;2025-07-01;1;60.226
A0DFA5B920842E1143F0668E420006EB;44673735EAF46E11B7B78A650500BC08;2025-07-01;3;13.000
A106DE105D35BE11BE21106505000C5A;44673735EAF46E11B7B78A650500BC08;2025-07-21;1;4.742
A1154C352D456E11B7B78A650500BC08;44673735EAF46E11B7B78A650500BC08;2025-07-01;2;44.387
A170FCB7E494AE11726010650500A35A;44673735EAF46E11B7B78A650500BC08;2025-07-23;1;7.742
A1AF38F5A6F5AE11BE2110650500984A;44673735EAF46E11B7B78A650500BC08;2025-07-11;13;72.871
A1B0293D6FF1CE118772106505003469;44673735EAF46E11B7B78A650500BC08;2025-07-11;1;5.600
A1C42CE9F5354E1142D58A6505002C08;44673735EAF46E11B7B78A650500BC08;2025-07-09;1;6.097
A256E37B383EFE11F1557891FE690589;44673735EAF46E11B7B78A650500BC08;2025-07-18;1;4.526
A260A9054C456E11B7B78A650500BC08;44673735EAF46E11B7B78A650500BC08;2025-07-01;2;9.742
A291F43D2E456E11B7B78A650500BC08;44673735EAF46E11B7B78A650500BC08;2025-07-21;6.9;50.706
A2C78D97452DBE118772106505000E59;44673735EAF46E11B7B78A650500BC08;2025-07-01;1;5.516
A38EDC5C9C456E11B7B78A650500BC08;44673735EAF46E11B7B78A650500BC08;2025-07-22;12;75.387
A400292FD87C8E11F243BB650500A34B;44673735EAF46E11B7B78A650500BC08;2025-07-16;4;19.871
A438DC9118730F1158A3BB3DBE8EEB89;44673735EAF46E11B7B78A650500BC08;2025-07-06;1;4.581
A45BF3BE3C456E11B7B78A650500BC08;44673735EAF46E11B7B78A650500BC08;2025-07-01;1;17.323
A48D43470E3FFE11F1557891FE695689;44673735EAF46E11B7B78A650500BC08;2025-07-06;1;5.500
A4990EFE31EBDE11406610650500744A;44673735EAF46E11B7B78A650500BC08;2025-07-04;2;10.032
A520B4FF13DB8E11F243BB650500724B;44673735EAF46E11B7B78A650500BC08;2025-07-11;4;71.733
A5384A7B0321DE11ADB3106505003CB8;44673735EAF46E11B7B78A650500BC08;2025-07-21;1;4.333
A59E6D4182C97E110819BB65050019AA;44673735EAF46E11B7B78A650500BC08;2025-07-20;14.15;328.289
A5C5195257363E11052F6792C000FF39;44673735EAF46E11B7B78A650500BC08;2025-07-01;12;72.581
A624D5E2AEEBCE11ADB310650500E4B8;44673735EAF46E11B7B78A650500BC08;2025-07-31;4.72;28.785
A624EB2B2EF10F114EF7A826072B0A89;44673735EAF46E11B7B78A650500BC08;2025-07-22;1;9.548
A7218C1035B4DE11ADB310650500F0C8;44673735EAF46E11B7B78A650500BC08;2025-07-01;1;43.065
A767B66863039E115540106505004C3B;44673735EAF46E11B7B78A650500BC08;2025-07-03;1;7.167
A76AF266F94A6E11B7B78A650500BC08;44673735EAF46E11B7B78A650500BC08;2025-07-27;2.0;12.000
A79BADAE35AE4E1142D58A650500BC08;44673735EAF46E11B7B78A650500BC08;2025-07-18;3;14.161
A82D1E8C65B4DE11ADB310650500F0C8;44673735EAF46E11B7B78A650500BC08;2025-07-01;1;23.903
A86C938410A4DE11ADB310650500D0C8;44673735EAF46E11B7B78A650500BC08;2025-07-03;1;4.571
A882DED310C47E11B7B78A650500ED08;44673735EAF46E11B7B78A650500BC08;2025-07-01;6;85.129
A8AEBA7DA545AE11726010650500845A;44673735EAF46E11B7B78A650500BC08;2025-07-08;6;41.871
A8C24747CD456E11B7B78A650500BC08;44673735EAF46E11B7B78A650500BC08;2025-07-25;1;10.321
A8F199F095D3EE11B1AD1065050027EA;44673735EAF46E11B7B78A650500BC08;2025-07-10;4;16.968
A9AD3ACEDC410F11112A674AC7E21989;44673735EAF46E11B7B78A650500BC08;2025-07-01;1;4.613
AA12BAC636EEAE11BE2110650500F35A;44673735EAF46E11B7B78A650500BC08;2025-07-02;4;43.032
AA701AEF5D94DE11ADB310650500D0C8;44673735EAF46E11B7B78A650500BC08;2025-07-22;2;9.355
AAB8EBD2BA488E11F243BB650500FD3B;44673735EAF46E11B7B78A650500BC08;2025-07-27;3;23.517
AB144E7F21FA8E11F243BB650500514B;44673735EAF46E11B7B78A650500BC08;2025-07-07;5;33.161
AB5F7E746EB1FE1191EE106505001CB9;44673735EAF46E11B7B78A650500BC08;2025-07-01;4;18.226
ABA90CDB0321DE11ADB3106505003CB8;44673735EAF46E11B7B78A650500BC08;2025-07-01;2;27.161
AC316BEEDC410F11112A674AC7E21989;44673735EAF46E11B7B78A650500BC08;2025-07-14;1;5.481
AC4E560F482FCE11ADB31065050049B8;44673735EAF46E11B7B78A650500BC08;2025-07-30;2;8.645
AC52DD0C0405DE11ADB31065050051C8;44673735EAF46E11B7B78A650500BC08;2025-07-01;3;12.548
AC55B4BA8D410F11112A674AC7E21989;44673735EAF46E11B7B78A650500BC08;2025-07-01;1;6.767
ACB1B2EFC11EAE11BE2110650500E25A;44673735EAF46E11B7B78A650500BC08;2025-07-09;1;47.652
ACE4F6072545AE11726010650500845A;44673735EAF46E11B7B78A650500BC08;2025-07-01;7;29.742
ACF74A7B0321DE11ADB3106505003CB8;44673735EAF46E11B7B78A650500BC08;2025-07-12;2;8.800
AD135B1BC01C3E11052F6792C000D249;44673735EAF46E11B7B78A650500BC08;2025-07-01;4;30.400
AD5C6DDFC688CE11ADB31065050070B8;44673735EAF46E11B7B78A650500BC08;2025-07-25;1;6.323
AD8FC812365FFE11F1557891FE697689;44673735EAF46E11B7B78A650500BC08;2025-07-01;1;22.161
ADC72C5235B4DE11ADB310650500F0C8;44673735EAF46E11B7B78A650500BC08;2025-07-08;4;32.125
AE203BCB05B4DE11ADB310650500F0C8;44673735EAF46E11B7B78A650500BC08;2025-07-01;1;17.000
AE59ACEB697BAE11BE21106505009F4A;44673735EAF46E11B7B78A650500BC08;2025-07-24;5;21.613
AE69AFD9B5F0BE11BE2110650500965A;44673735EAF46E11B7B78A650500BC08;2025-07-01;37;304.290
AEA5739724077E11B7B78A650500ED08;44673735EAF46E11B7B78A650500BC08;2025-07-27;1;4.037
AEC85311C11A8E11F243BB650500304B;44673735EAF46E11B7B78A650500BC08;2025-07-29;1;5.226
AEDCC768C4BC3E11052F6792C000D249;44673735EAF46E11B7B78A650500BC08;2025-07-01;1;22.806
AF4510B9CFE34E1142D58A6505002C08;44673735EAF46E11B7B78A650500BC08;2025-07-09;4;16.968
AF4BCFB931CAED11A62CD892C0003F2A;44673735EAF46E11B7B78A650500BC08;2025-07-28;1;5.129
AF7628AECFB59E11554010650500EF3B;44673735EAF46E11B7B78A650500BC08;2025-07-01;1;13.548
AFD37B03C11A8E11F243BB650500304B;44673735EAF46E11B7B78A650500BC08;2025-07-18;1;4.571
AFFEC072AC8BEE1191EE1065050029B9;44673735EAF46E11B7B78A650500BC08;2025-07-20;1;4.450
B01142C8008CBE118772106505003D59;44673735EAF46E11B7B78A650500BC08;2025-07-07;2;11.050
B03FA26720BACE11ADB31065050033B8;44673735EAF46E11B7B78A650500BC08;2025-07-02;3;12.355
B07785D8D0CAED11A62CD892C0003F2A;44673735EAF46E11B7B78A650500BC08;2025-07-01;2;11.032
B0C930DBBD1EFE11F1557891FE69E489;44673735EAF46E11B7B78A650500BC08;2025-07-01;6;29.935
B0CDDE7623900F11F1557891FE690889;44673735EAF46E11B7B78A650500BC08;2025-07-07;1;5.774
B0CFB170DBAF7E110819BB65050039AA;44673735EAF46E11B7B78A650500BC08;2025-07-01;2;10.871
B10F31189AC9FE11128010650500E819;44673735EAF46E11B7B78A650500BC08;2025-07-02;3;15.065
B130B6E525B4DE11ADB310650500F0C8;44673735EAF46E11B7B78A650500BC08;2025-07-30;3;14.056
B18F9B87DCE7FE1191EE1065050034C9;44673735EAF46E11B7B78A650500BC08;2025-07-31;2.6;10.584
B1A302F8BFE34E1142D58A6505002C08;44673735EAF46E11B7B78A650500BC08;2025-07-01;3;12.903
B1E0BA67146B3E11052F6792C000D249;44673735EAF46E11B7B78A650500BC08;2025-07-12;9;39.226
B248045A8C456E11B7B78A650500BC08;44673735EAF46E11B7B78A650500BC08;2025-07-01;1;13.903
B28381DCEB387E110819BB65050009AA;44673735EAF46E11B7B78A650500BC08;2025-07-09;4;21.433
B2E00B7EBAC9FE11128010650500E819;44673735EAF46E11B7B78A650500BC08;2025-07-01;1;31.677
B326B8DBE1C30F114EF7A826072B4C89;44673735EAF46E11B7B78A650500BC08;2025-07-22;1;4.696
B32C7AB4D8A47E11B7B78A650500ED08;44673735EAF46E11B7B78A650500BC08;2025-07-18;1;12.290
B3B135B1B6E62E1143F0668E420006EB;44673735EAF46E11B7B78A650500BC08;2025-07-01;17;104.290
B3F0B5EA40C97E110819BB65050019AA;44673735EAF46E11B7B78A650500BC08;2025-07-01;2;25.125
B3FA392F3CE76E11B7B78A650500BC08;44673735EAF46E11B7B78A650500BC08;2025-07-01;6;25.903
B4ECE5D082C97E110819BB65050019AA;44673735EAF46E11B7B78A650500BC08;2025-07-28;27.2;251.439
B54F219E2D148E113835BB6505009CAA;44673735EAF46E11B7B78A650500BC08;2025-07-06;1;5.048
B65FDB2962230F114EF7A826072B7B89;44673735EAF46E11B7B78A650500BC08;2025-07-23;2;12.839
B67DE1C2688EED11A62CD892C000399B;44673735EAF46E11B7B78A650500BC08;2025-07-05;1;18.955
B6B48E443E3EDE11406610650500974A;44673735EAF46E11B7B78A650500BC08;2025-07-22;2;8.258
B76583D19B456E11B7B78A650500BC08;44673735EAF46E11B7B78A650500BC08;2025-07-06;2;18.548
B8301C6E90FE5E1142D58A6505006D08;44673735EAF46E11B7B78A650500BC08;2025-07-09;2;9.935
B8CD34684CEAEE1191EE1065050029B9;44673735EAF46E11B7B78A650500BC08;2025-07-13;3.70;17.487
B8CFCF35D491DE11ADB310650500DCB8;44673735EAF46E11B7B78A650500BC08;2025-07-03;18;81.226
B8DF676623900F11F1557891FE690889;44673735EAF46E11B7B78A650500BC08;2025-07-21;1;7.129
B8FB9C94CC22AE11726010650500905A;44673735EAF46E11B7B78A650500BC08;2025-07-10;5;24.968
B944D4ED3E456E11B7B78A650500BC08;44673735EAF46E11B7B78A650500BC08;2025-07-21;1;4.545
B980987E4DA1EE114066106505000C4A;44673735EAF46E11B7B78A650500BC08;2025-07-01;1;4.742
B9F58DB5AC456E11B7B78A650500BC08;44673735EAF46E11B7B78A650500BC08;2025-07-01;13;61.871
BA99E73FE0EBDE11406610650500744A;44673735EAF46E11B7B78A650500BC08;2025-07-18;2;8.323
BAA22A558954FE1191EE106505008FB9;44673735EAF46E11B7B78A650500BC08;2025-07-12;1;8.226
BB4F5AF257400F11F1557891FE69A789;44673735EAF46E11B7B78A650500BC08;2025-07-02;7;28.194
BBF58FB1DC456E11B7B78A650500BC08;44673735EAF46E11B7B78A650500BC08;2025-07-28;3;13.645
BC0096BF6315EE11B1AD10650500B8EA;44673735EAF46E11B7B78A650500BC08;2025-07-14;2;10.474
BC9713AB0D456E11B7B78A650500BC08;44673735EAF46E11B7B78A650500BC08;2025-07-16;1;5.129
BD0D144103C1DE11ADB3106505001DB8;44673735EAF46E11B7B78A650500BC08;2025-07-13;1;11.839
BD5F2561AC456E11B7B78A650500BC08;44673735EAF46E11B7B78A650500BC08;2025-07-24;5;25.871
BD869B30FB03EE11B1AD1065050026EA;44673735EAF46E11B7B78A650500BC08;2025-07-31;1;6.484
BDA4336C478B3E11052F6792C000D249;44673735EAF46E11B7B78A650500BC08;2025-07-20;5;26.409
BE5D134965B4DE11ADB310650500F0C8;44673735EAF46E11B7B78A650500BC08;2025-07-24;1;33.071
BEE17EB58CBFAE11BE2110650500055A;44673735EAF46E11B7B78A650500BC08;2025-07-01;4;19.387
BEF020C39E1EFE11F1557891FE69E489;44673735EAF46E11B7B78A650500BC08;2025-07-03;1;8.290
BF08D97E2E130F114EF7A826072B7B89;44673735EAF46E11B7B78A650500BC08;2025-07-08;6;29.194
BFA0D48D37E8EE1191EE1065050009B9;44673735EAF46E11B7B78A650500BC08;2025-07-18;2;9.579
BFA6CA7E0E686E11B7B78A650500BC08;44673735EAF46E11B7B78A650500BC08;2025-07-01;4;21.452
BFB2C654CCACEE1191EE1065050029B9;44673735EAF46E11B7B78A650500BC08;2025-07-27;1;4.419
BFDF3DC9CC3FFE11F1557891FE695689;44673735EAF46E11B7B78A650500BC08;2025-07-03;1;4.552
BFEC4A8EEBA8BE118772106505005859;44673735EAF46E11B7B78A650500BC08;2025-07-30;2;8.903
C000819A08FCFD11A4A96492C000CB59;44673735EAF46E11B7B78A650500BC08;2025-07-14;7;30.069
C0ACE183821A8E11F243BB650500304B;44673735EAF46E11B7B78A650500BC08;2025-07-07;1;7.958
C0E08354BFFD9E117260106505004B4A;44673735EAF46E11B7B78A650500BC08;2025-07-17;2;8.645
C1063CDFBFFD9E117260106505004B4A;44673735EAF46E11B7B78A650500BC08;2025-07-02;2;18.182
C13EC3D6BFFD9E117260106505004B4A;44673735EAF46E11B7B78A650500BC08;2025-07-20;1;6.464
C15447E03D456E11B7B78A650500BC08;44673735EAF46E11B7B78A650500BC08;2025-07-26;1;6.111
C20D5CF75ECEFE11F1557891FE69C589;44673735EAF46E11B7B78A650500BC08;2025-07-27;2;8.194
C2A9466B4CFDBE118772106505001F59;44673735EAF46E11B7B78A650500BC08;2025-07-01;1;13.806
C2BBC60CD621AE117260106505004F4A;44673735EAF46E11B7B78A650500BC08;2025-07-01;1;18.000
C2C45AB32B6C8E11F243BB650500734B;44673735EAF46E11B7B78A650500BC08;2025-07-01;1;5.464
C2C8F81C7578FE11128010650500D819;44673735EAF46E11B7B78A650500BC08;2025-07-21;1;5.261
C35BC3C16FFEFE11F1557891FE690689;44673735EAF46E11B7B78A650500BC08;2025-07-06;15;73.857
C3D8C1394D85DE11ADB31065050002C8;44673735EAF46E11B7B78A650500BC08;2025-07-04;2;50.435
C4349E308D456E11B7B78A650500BC08;44673735EAF46E11B7B78A650500BC08;2025-07-08;13;60.484
C464EB2B2EF10F114EF7A826072B0A89;44673735EAF46E11B7B78A650500BC08;2025-07-08;1;4.875
C486995474054E1142D58A6505002C08;44673735EAF46E11B7B78A650500BC08;2025-07-01;3;13.774
C4E3BB9B30556E11B7B78A650500BC08;44673735EAF46E11B7B78A650500BC08;2025-07-25;1;9.968
C4F20CD86A8EDE11406610650500084A;44673735EAF46E11B7B78A650500BC08;2025-07-22;0.55;12.109
C572E05E066E9E11726010650500CB4A;44673735EAF46E11B7B78A650500BC08;2025-07-10;2;9.323
C73E1F90A4ABEE1191EE1065050029B9;44673735EAF46E11B7B78A650500BC08;2025-07-01;8;61.500
C76304C34E456E11B7B78A650500BC08;44673735EAF46E11B7B78A650500BC08;2025-07-24;1;6.333
C7F5C1F49C456E11B7B78A650500BC08;44673735EAF46E11B7B78A650500BC08;2025-07-01;8;40.613
C88BE0D1490FEE1191EE1065050029B9;44673735EAF46E11B7B78A650500BC08;2025-07-31;64;334.677
C8E6A3183E456E11B7B78A650500BC08;44673735EAF46E11B7B78A650500BC08;2025-07-01;1;11.032
C9537C6834AE9E117260106505001C4A;44673735EAF46E11B7B78A650500BC08;2025-07-01;2;10.500
C9966CDCB8A47E11B7B78A650500ED08;44673735EAF46E11B7B78A650500BC08;2025-07-07;1;4.250
C9BC745D6309AE11BE21106505007C4A;44673735EAF46E11B7B78A650500BC08;2025-07-06;3;12.613
CA347896378B3E11052F6792C000D249;44673735EAF46E11B7B78A650500BC08;2025-07-04;9;49.710
CACC221EC877EE1191EE1065050027B9;44673735EAF46E11B7B78A650500BC08;2025-07-19;1.26;7.234
CAD51A0368ED9E117260106505001B4A;44673735EAF46E11B7B78A650500BC08;2025-07-10;2;9.452
CB2B3CC759B30F114EF7A826072B3C89;44673735EAF46E11B7B78A650500BC08;2025-07-01;1;5.033
CB7BCC437696DE11ADB31065050053C8;44673735EAF46E11B7B78A650500BC08;2025-07-03;1;6.966
CC09394EB8E3BE11BE21106505005A5A;44673735EAF46E11B7B78A650500BC08;2025-07-19;7;28.484
CC1A95871E686E11B7B78A650500BC08;44673735EAF46E11B7B78A650500BC08;2025-07-01;1;14.000
CC560D0A1BE66E11B7B78A650500BC08;44673735EAF46E11B7B78A650500BC08;2025-07-27;2;10.097
CCA47C5F5BAF7E110819BB65050039AA;44673735EAF46E11B7B78A650500BC08;2025-07-01;10;45.839
CCC810633392BE11BE2110650500A85A;44673735EAF46E11B7B78A650500BC08;2025-07-27;6;25.645
CCEAAFE4C8BCEE1191EE1065050029B9;44673735EAF46E11B7B78A650500BC08;2025-07-09;1;7.852
CD47D6A0BAC9FE11128010650500E819;44673735EAF46E11B7B78A650500BC08;2025-07-20;2;10.452
CD5D1F518805FE1191EE1065050070C9;44673735EAF46E11B7B78A650500BC08;2025-07-30;1;33.452
CD6AA4B92E456E11B7B78A650500BC08;44673735EAF46E11B7B78A650500BC08;2025-07-14;2;10.000
CDF082B6C42AFE11128010650500E819;44673735EAF46E11B7B78A650500BC08;2025-07-06;2;8.742
CE44BE7F89456E11B7B78A650500BC08;44673735EAF46E11B7B78A650500BC08;2025-07-19;2;10.800
CEEE70484C90BE11BE2110650500265A;44673735EAF46E11B7B78A650500BC08;2025-07-05;2;8.032
CF3453A763039E115540106505004C3B;44673735EAF46E11B7B78A650500BC08;2025-07-07;1;9.258
CF3D433B68363E11052F6792C000FF39;44673735EAF46E11B7B78A650500BC08;2025-07-12;4;16.484
CFF7E91B973C7E110819BB65050039AA;44673735EAF46E11B7B78A650500BC08;2025-07-12;1;5.286
D01374A4E9E2FE1191EE10650500ADB9;44673735EAF46E11B7B78A650500BC08;2025-07-03;1;4.581
D03FA26720BACE11ADB31065050033B8;44673735EAF46E11B7B78A650500BC08;2025-07-01;3;15.407
D0B239D0E9E07E11B7B78A650500CD08;44673735EAF46E11B7B78A650500BC08;2025-07-20;1;5.839
D0E20C1FDC3ABE118772106505005A59;44673735EAF46E11B7B78A650500BC08;2025-07-03;2;39.516
D0F3EB04AA4FFE11F1557891FE696689;44673735EAF46E11B7B78A650500BC08;2025-07-01;2;12.742
D1783CA0EAD7CE11ADB3106505008FA8;44673735EAF46E11B7B78A650500BC08;2025-07-28;1.2;62.865
D179BEA9E43ACE11ADB31065050092B8;44673735EAF46E11B7B78A650500BC08;2025-07-18;6;26.742
D2704B74F5C0BE11BE2110650500565A;44673735EAF46E11B7B78A650500BC08;2025-07-28;6;33.172
D281F66B1D456E11B7B78A650500BC08;44673735EAF46E11B7B78A650500BC08;2025-07-17;3;12.581
D39F2F648C456E11B7B78A650500BC08;44673735EAF46E11B7B78A650500BC08;2025-07-31;8.19;39.932
D4759C2A10556E11B7B78A650500BC08;44673735EAF46E11B7B78A650500BC08;2025-07-10;5;23.226
D4B5B252EA244E1142D58A6505002C08;44673735EAF46E11B7B78A650500BC08;2025-07-17;2;10.516
D4DE097B5A540F114EF7A826072B0D89;44673735EAF46E11B7B78A650500BC08;2025-07-01;2;17.419
D50BEE6A88000F11F1557891FE695789;44673735EAF46E11B7B78A650500BC08;2025-07-19;1;6.000
D532E786E528CE11ADB310650500EFA8;44673735EAF46E11B7B78A650500BC08;2025-07-22;1;5.355
D537562B9497EE1191EE1065050047B9;44673735EAF46E11B7B78A650500BC08;2025-07-30;1;7.258
D551B547E94B3E11052F6792C000D249;44673735EAF46E11B7B78A650500BC08;2025-07-11;1;4.462
D57D7E8CF0CAED11A62CD892C0003F2A;44673735EAF46E11B7B78A650500BC08;2025-07-01;2;10.235
D5D32B073B85DE11ADB31065050002C8;44673735EAF46E11B7B78A650500BC08;2025-07-28;1;10.065
D5FE46A0055F4E1142D58A650500BC08;44673735EAF46E11B7B78A650500BC08;2025-07-06;1;16.000
D671181A03078E11F243BB6505005C3B;44673735EAF46E11B7B78A650500BC08;2025-07-17;2;16.774
D68FF3BE066E9E11726010650500CB4A;44673735EAF46E11B7B78A650500BC08;2025-07-02;5;24.452
D6F1858F46CCDE11406610650500A54A;44673735EAF46E11B7B78A650500BC08;2025-07-30;2;13.871
D6F217F5E039EE1191EE1065050009B9;44673735EAF46E11B7B78A650500BC08;2025-07-21;1;13.516
D7250BE545EBEE1191EE1065050029B9;44673735EAF46E11B7B78A650500BC08;2025-07-01;14.72;59.236
D7775DDA8C817E11B7B78A650500CD08;44673735EAF46E11B7B78A650500BC08;2025-07-07;1;4.419
D7801856A6F5AE11BE2110650500984A;44673735EAF46E11B7B78A650500BC08;2025-07-12;3;14.968
D78C963E01CAED11A62CD892C0003F2A;44673735EAF46E11B7B78A650500BC08;2025-07-01;7;30.742
D7B955C12D937E11B7B78A650500DD08;44673735EAF46E11B7B78A650500BC08;2025-07-11;3;12.581
D87D496B44968E11F243BB650500CB3B;44673735EAF46E11B7B78A650500BC08;2025-07-25;2;14.129
D8D45E0FB6197E110819BB65050009AA;44673735EAF46E11B7B78A650500BC08;2025-07-15;6;28.806
D8FB9C94CC22AE11726010650500905A;44673735EAF46E11B7B78A650500BC08;2025-07-08;1;18.871
D8FEA237E770BE11BE2110650500F55A;44673735EAF46E11B7B78A650500BC08;2025-07-05;5;22.097
D951A48BB4B31E1143F0668E42008C3B;44673735EAF46E11B7B78A650500BC08;2025-07-01;1;5.355
D967148215A7CE11ADB3106505004FA8;44673735EAF46E11B7B78A650500BC08;2025-07-01;1;9.161
D99210997DECEE1191EE1065050029B9;44673735EAF46E11B7B78A650500BC08;2025-07-26;1;5.226
D994717AABE4DE11ADB31065050031C8;44673735EAF46E11B7B78A650500BC08;2025-07-07;5;21.120
D9AEA5F4B9000F11F1557891FE695789;44673735EAF46E11B7B78A650500BC08;2025-07-10;5;20.484
DA1C1F0E1308EE1191EE10650500D7B9;44673735EAF46E11B7B78A650500BC08;2025-07-31;2;10.323
DA64D21F21FA8E11F243BB650500514B;44673735EAF46E11B7B78A650500BC08;2025-07-02;2;9.742
DA9E47EAD0CAED11A62CD892C0003F2A;44673735EAF46E11B7B78A650500BC08;2025-07-04;3;14.903
DADF92728C456E11B7B78A650500BC08;44673735EAF46E11B7B78A650500BC08;2025-07-01;4;18.968
DAE979531C7C9E11726010650500494A;44673735EAF46E11B7B78A650500BC08;2025-07-27;1;5.455
DAF58FB1DC456E11B7B78A650500BC08;44673735EAF46E11B7B78A650500BC08;2025-07-07;12;48.194
DB9F0F883B2E2E11052F6792C000CF39;44673735EAF46E11B7B78A650500BC08;2025-07-01;2;22.806
DC55D7C27136EE1191EE10650500D5B9;44673735EAF46E11B7B78A650500BC08;2025-07-12;1;6.778
DC5F2561AC456E11B7B78A650500BC08;44673735EAF46E11B7B78A650500BC08;2025-07-14;2;8.065
DCC690440031DE11ADB3106505005CB8;44673735EAF46E11B7B78A650500BC08;2025-07-08;1;5.355
DCEC78110DF17E11B7B78A650500CD08;44673735EAF46E11B7B78A650500BC08;2025-07-04;13;57.806
DD48D97E2E130F114EF7A826072B7B89;44673735EAF46E11B7B78A650500BC08;2025-07-01;1;16.839
DD74FAA18C456E11B7B78A650500BC08;44673735EAF46E11B7B78A650500BC08;2025-07-01;1;9.710
DD83AF999CAAAE11BE21106505009E4A;44673735EAF46E11B7B78A650500BC08;2025-07-30;2;10.000
DDA0BB5F01CAED11A62CD892C0003F2A;44673735EAF46E11B7B78A650500BC08;2025-07-13;1;11.548
DE9889072C8EAE11BE2110650500835A;44673735EAF46E11B7B78A650500BC08;2025-07-25;1;11.815
DF6785D8D0CAED11A62CD892C0003F2A;44673735EAF46E11B7B78A650500BC08;2025-07-16;1;7.581
DF81A93BC7E10F114EF7A826072BE989;44673735EAF46E11B7B78A650500BC08;2025-07-02;2;13.276
E02AFB047F6ECE11ADB31065050058B8;44673735EAF46E11B7B78A650500BC08;2025-07-24;1;5.645
E08F52B9B9827E11B7B78A650500DD08;44673735EAF46E11B7B78A650500BC08;2025-07-26;1;4.968
E0EC19A83915CE11ADB3106505000DA8;44673735EAF46E11B7B78A650500BC08;2025-07-08;3;12.385
E1204D06C4BC3E11052F6792C000D249;44673735EAF46E11B7B78A650500BC08;2025-07-01;3;16.065
E1306F569CA50F114EF7A826072BBE89;44673735EAF46E11B7B78A650500BC08;2025-07-27;3;13.667
E14EBAFE1B4CFE111280106505000919;44673735EAF46E11B7B78A650500BC08;2025-07-01;1;5.613
E15B60E240CADE11406610650500F24A;44673735EAF46E11B7B78A650500BC08;2025-07-29;1;5.516
E177D12BE042DE11ADB310650500BDB8;44673735EAF46E11B7B78A650500BC08;2025-07-01;10;40.161
E1A53233798AFE11128010650500E819;44673735EAF46E11B7B78A650500BC08;2025-07-31;2;13.613
E1BB12D73643BE11BE2110650500895A;44673735EAF46E11B7B78A650500BC08;2025-07-01;1;4.759
E1D0BA96680B7E110819BB65050039AA;44673735EAF46E11B7B78A650500BC08;2025-07-02;2;23.581
E2404E00B0CAED11A62CD892C0003F2A;44673735EAF46E11B7B78A650500BC08;2025-07-01;4;28.903
E27D5947E38CDE11406610650500554A;44673735EAF46E11B7B78A650500BC08;2025-07-11;1;4.677
E3134A47CE456E11B7B78A650500BC08;44673735EAF46E11B7B78A650500BC08;2025-07-16;2;8.800
E31D850F00300F11F1557891FE698789;44673735EAF46E11B7B78A650500BC08;2025-07-30;1;5.000
E39E77918754EE11B1AD10650500C7EA;44673735EAF46E11B7B78A650500BC08;2025-07-09;3;14.839
E3FE155C1C8EAE11BE2110650500835A;44673735EAF46E11B7B78A650500BC08;2025-07-18;2;12.091
E42184E73EBBEE1191EE1065050029B9;44673735EAF46E11B7B78A650500BC08;2025-07-28;1;4.097
E44FAE40F9858E113835BB6505006EAA;44673735EAF46E11B7B78A650500BC08;2025-07-02;4;17.903
E455DEF2224DDE11406610650500464A;44673735EAF46E11B7B78A650500BC08;2025-07-01;4;25.548
E45667EAEEE4AE11726010650500145A;44673735EAF46E11B7B78A650500BC08;2025-07-26;3;16.903
E45B781DC1D6FD110DC22A92C000D158;44673735EAF46E11B7B78A650500BC08;2025-07-17;3;17.323
E471E52632106E1142D58A650500AD08;44673735EAF46E11B7B78A650500BC08;2025-07-01;4;27.323
E4A42F9AC5A7CE11ADB3106505004FA8;44673735EAF46E11B7B78A650500BC08;2025-07-09;1;4.065
E4C3C57921CAED11A62CD892C0003F2A;44673735EAF46E11B7B78A650500BC08;2025-07-01;3;20.613
E53783B0B42AFE11128010650500E819;44673735EAF46E11B7B78A650500BC08;2025-07-24;3;14.710
E5F6F7B29972EE114066106505001D4A;44673735EAF46E11B7B78A650500BC08;2025-07-25;3;13.292
E624CFB8566FAE11BE2110650500945A;44673735EAF46E11B7B78A650500BC08;2025-07-23;3;13.238
E62597A348F6DE11C846106505001F6A;44673735EAF46E11B7B78A650500BC08;2025-07-01;1;6.645
E6B63D2329363E11052F6792C000FF39;44673735EAF46E11B7B78A650500BC08;2025-07-21;2;11.240
E72662DD526FEE1191EE1065050029B9;44673735EAF46E11B7B78A650500BC08;2025-07-01;19.12;164.636
E73E9771162C6E11B7B78A650500BC08;44673735EAF46E11B7B78A650500BC08;2025-07-27;1;5.233
E78BB4688C456E11B7B78A650500BC08;44673735EAF46E11B7B78A650500BC08;2025-07-22;8;51.677
E7C9FD12FAD7CE11ADB3106505008FA8;44673735EAF46E11B7B78A650500BC08;2025-07-23;3;14.968
E815D75DB5934E1142D58A6505002C08;44673735EAF46E11B7B78A650500BC08;2025-07-01;1;4.581
E8BC745D6309AE11BE21106505007C4A;44673735EAF46E11B7B78A650500BC08;2025-07-30;2;8.839
E8CE72C3DD7A6E11B7B78A650500BC08;44673735EAF46E11B7B78A650500BC08;2025-07-09;3;12.387
E938FC289F900F11F1557891FE691889;44673735EAF46E11B7B78A650500BC08;2025-07-16;1;4.588
E93C9E4F35CC8E11F243BB650500044B;44673735EAF46E11B7B78A650500BC08;2025-07-01;4;18.000
E942B0F647A59E11554010650500CF3B;44673735EAF46E11B7B78A650500BC08;2025-07-01;4;25.000
E959AE21D3ED7E110819BB65050039AA;44673735EAF46E11B7B78A650500BC08;2025-07-01;1;6.333
EA466B5D867F8E11F243BB650500A74B;44673735EAF46E11B7B78A650500BC08;2025-07-26;1;4.111
EA8A21414653CE11877210650500E569;44673735EAF46E11B7B78A650500BC08;2025-07-28;6;24.871
EAA6358FBF257E11B7B78A650500ED08;44673735EAF46E11B7B78A650500BC08;2025-07-22;2;24.125
EAC0ADA2FAD7CE11ADB3106505008FA8;44673735EAF46E11B7B78A650500BC08;2025-07-19;1;5.741
EAF61C7666C98E11F243BB650500DF3B;44673735EAF46E11B7B78A650500BC08;2025-07-16;1;8.387
EB26495CF9456E11B7B78A650500BC08;44673735EAF46E11B7B78A650500BC08;2025-07-13;13;107.806
EBD25A6E878E8E11F243BB650500764B;44673735EAF46E11B7B78A650500BC08;2025-07-08;2;16.179
EBF67D3F67400F11F1557891FE69A789;44673735EAF46E11B7B78A650500BC08;2025-07-01;3;17.000
EC01F9E635B4DE11ADB310650500F0C8;44673735EAF46E11B7B78A650500BC08;2025-07-01;1;13.871
EC1F2BC7B22AFE11128010650500E819;44673735EAF46E11B7B78A650500BC08;2025-07-02;3.7;19.871
EC5C8E76CD456E11B7B78A650500BC08;44673735EAF46E11B7B78A650500BC08;2025-07-14;1;6.931
EC6758ABF1130F114EF7A826072B6B89;44673735EAF46E11B7B78A650500BC08;2025-07-31;1;4.720
ECEAA9F444856E11B7B78A650500BC08;44673735EAF46E11B7B78A650500BC08;2025-07-01;2;17.548
ED0CAC04DBAF7E110819BB65050039AA;44673735EAF46E11B7B78A650500BC08;2025-07-22;2;20.360
ED3453A763039E115540106505004C3B;44673735EAF46E11B7B78A650500BC08;2025-07-31;3;13.226
ED80D2766EEDBE118772106505000F59;44673735EAF46E11B7B78A650500BC08;2025-07-18;4;22.900
ED997CFBB6A40F114EF7A826072B6D89;44673735EAF46E11B7B78A650500BC08;2025-07-17;1;5.583
EDA295195923FE1191EE10650500FDB9;44673735EAF46E11B7B78A650500BC08;2025-07-13;6;40.710
EDB331404E456E11B7B78A650500BC08;44673735EAF46E11B7B78A650500BC08;2025-07-27;1;7.194
EEDB5ACB1B84BE11BE21106505002B5A;44673735EAF46E11B7B78A650500BC08;2025-07-09;1;11.161
EF39248CF5802E1143F0668E4200C71A;44673735EAF46E11B7B78A650500BC08;2025-07-31;1;4.290
EF57F9006032BE11BE2110650500285A;44673735EAF46E11B7B78A650500BC08;2025-07-01;4;17.645
EFE7EB7A03078E11F243BB6505005C3B;44673735EAF46E11B7B78A650500BC08;2025-07-03;2;18.355
EFF50CFE5A456E11B7B78A650500BC08;44673735EAF46E11B7B78A650500BC08;2025-07-01;2;17.467
F00092A08D456E11B7B78A650500BC08;44673735EAF46E11B7B78A650500BC08;2025-07-21;1;6.692
F02ADE5EAC456E11B7B78A650500BC08;44673735EAF46E11B7B78A650500BC08;2025-07-26;3;12.194
F091D678C1047E11B7B78A650500DD08;44673735EAF46E11B7B78A650500BC08;2025-07-26;1;4.129
F11B64B33CD97E110819BB65050019AA;44673735EAF46E11B7B78A650500BC08;2025-07-12;3;23.480
F179BEA9E43ACE11ADB31065050092B8;44673735EAF46E11B7B78A650500BC08;2025-07-25;4;21.419
F1B16BEEDC410F11112A674AC7E21989;44673735EAF46E11B7B78A650500BC08;2025-07-01;3;12.065
F2158E443E3EDE11406610650500974A;44673735EAF46E11B7B78A650500BC08;2025-07-01;1;9.387
F239B4F4AFFD9E117260106505004B4A;44673735EAF46E11B7B78A650500BC08;2025-07-01;1;10.958
F284E8CF89098E11F243BB650500EE3B;44673735EAF46E11B7B78A650500BC08;2025-07-11;3;15.194
F2EEFCBB059BDE11406610650500144A;44673735EAF46E11B7B78A650500BC08;2025-07-01;1;10.871
F3BA1261322B7E110819BB65050039AA;44673735EAF46E11B7B78A650500BC08;2025-07-01;3;34.065
F3D39F8925037E11B7B78A650500DD08;44673735EAF46E11B7B78A650500BC08;2025-07-01;5;38.903
F3EEFCBB059BDE11406610650500144A;44673735EAF46E11B7B78A650500BC08;2025-07-22;1;5.000
F4D7E43B046B3E11052F6792C000D249;44673735EAF46E11B7B78A650500BC08;2025-07-02;6;36.077
F54FEDA1E781DE11ADB310650500CCB8;44673735EAF46E11B7B78A650500BC08;2025-07-30;2;10.581
F57E2C914AE66E11B7B78A650500BC08;44673735EAF46E11B7B78A650500BC08;2025-07-01;2;13.526
F5B7F08574A2CE118772106505000569;44673735EAF46E11B7B78A650500BC08;2025-07-22;1;4.444
F5D21C7BDBCBAE11BE2110650500005A;44673735EAF46E11B7B78A650500BC08;2025-07-01;1;12.286
F5FC0ECFA392FE1191EE106505002DB9;44673735EAF46E11B7B78A650500BC08;2025-07-01;1;8.269
F78215A1D0C40F114EF7A826072B8D89;44673735EAF46E11B7B78A650500BC08;2025-07-20;1.3;6.999
F8CE11B603B89E11525010650500294A;44673735EAF46E11B7B78A650500BC08;2025-07-04;3;15.161
F8DC2FDC72C97E110819BB65050019AA;44673735EAF46E11B7B78A650500BC08;2025-07-12;3;13.484
FA03DC6A9C456E11B7B78A650500BC08;44673735EAF46E11B7B78A650500BC08;2025-07-01;3;20.742
FA3EE961BD889E11525010650500F84A;44673735EAF46E11B7B78A650500BC08;2025-07-26;1;5.290
FA989B606032BE11BE2110650500285A;44673735EAF46E11B7B78A650500BC08;2025-07-26;1;6.581
FAD7B69694310F11112A674AC7E2F889;44673735EAF46E11B7B78A650500BC08;2025-07-07;1;7.625
FAECD7BFC688CE11ADB31065050070B8;44673735EAF46E11B7B78A650500BC08;2025-07-01;2;8.222
FB0B691BAF5BFE111280106505000919;44673735EAF46E11B7B78A650500BC08;2025-07-09;0.16;0.772
FB2BB701BD889E11525010650500F84A;44673735EAF46E11B7B78A650500BC08;2025-07-01;3;14.161
FB958DE325B4DE11ADB310650500F0C8;44673735EAF46E11B7B78A650500BC08;2025-07-01;1;8.839
FBCEB4C1A03AFE11128010650500E819;44673735EAF46E11B7B78A650500BC08;2025-07-27;0.8;7.500
FD4235D98BA3BE11BE21106505000A5A;44673735EAF46E11B7B78A650500BC08;2025-07-29;3;19.000
FD8E5826E528CE11ADB310650500EFA8;44673735EAF46E11B7B78A650500BC08;2025-07-01;3;13.000
FDA87E5C45B4DE11ADB310650500F0C8;44673735EAF46E11B7B78A650500BC08;2025-07-03;11;62.409
FE0A4F933F500F11F1557891FE69C789;44673735EAF46E11B7B78A650500BC08;2025-07-01;1;9.355
FE0DA681721A8E11F243BB650500304B;44673735EAF46E11B7B78A650500BC08;2025-07-14;12;49.774
FE35141CE6B49E115540106505008E3B;44673735EAF46E11B7B78A650500BC08;2025-07-11;2;8.452
FE4D455DE0CAED11A62CD892C0003F2A;44673735EAF46E11B7B78A650500BC08;2025-07-01;2;19.710
FEC2A31E65B4DE11ADB310650500F0C8;44673735EAF46E11B7B78A650500BC08;2025-07-01;3;20.000
FECAD4342CFA7E110819BB65050039AA;44673735EAF46E11B7B78A650500BC08;2025-07-01;4;18.839
FEFEB44CFFC7EE1191EE1065050097B9;44673735EAF46E11B7B78A650500BC08;2025-07-13;2;8.129
FF92D8E174657E11B7B78A650500ED08;44673735EAF46E11B7B78A650500BC08;2025-07-23;2;11.548
004539252142CE118772106505008469;B0BDDED34CC83E11052F6792C000B249;2025-07-17;1;5.714
005BCFB931CAED11A62CD892C0003F2A;B0BDDED34CC83E11052F6792C000B249;2025-07-17;2;15.115
0078C4F478C1FE1191EE106505002CB9;B0BDDED34CC83E11052F6792C000B249;2025-07-01;1;5.742
009779C141CAED11A62CD892C0003F2A;B0BDDED34CC83E11052F6792C000B249;2025-07-14;1;4.067
010726E4D11ADE11406610650500024A;B0BDDED34CC83E11052F6792C000B249;2025-07-30;1;6.548
010E98BA2B9FFE11F1557891FE69C689;B0BDDED34CC83E11052F6792C000B249;2025-07-01;2;8.742
010F84EBBD1EFE11F1557891FE69E489;B0BDDED34CC83E11052F6792C000B249;2025-07-14;2;9.200
015A2CECCBB88E11F243BB6505008E3B;B0BDDED34CC83E11052F6792C000B249;2025-07-19;2;8.419
02009DCE9A827E11B7B78A650500DD08;B0BDDED34CC83E11052F6792C000B249;2025-07-01;2;9.581
0226F0928ABAFE11128010650500E819;B0BDDED34CC83E11052F6792C000B249;2025-07-11;1;4.323
02F7046B6D4DDE11406610650500564A;B0BDDED34CC83E11052F6792C000B249;2025-07-23;2;10.032
033BE97FC0566E11B7B78A650500BC08;B0BDDED34CC83E11052F6792C000B249;2025-07-30;2;8.355
0361CD5CEB01FE1191EE106505003BB9;B0BDDED34CC83E11052F6792C000B249;2025-07-11;2;11.286
03E44B4EA4FAEE1191EE1065050029B9;B0BDDED34CC83E11052F6792C000B249;2025-07-04;1;8.290
0416ABC861446E11B7B78A650500BC08;B0BDDED34CC83E11052F6792C000B249;2025-07-15;1;4.731
049DE472E0CAED11A62CD892C0003F2A;B0BDDED34CC83E11052F6792C000B249;2025-07-11;1;4.870
051E99104DFFFE11F1557891FE694789;B0BDDED34CC83E11052F6792C000B249;2025-07-13;1;4.143
053A27E838050F114EF7A826072BED89;B0BDDED34CC83E11052F6792C000B249;2025-07-23;2;10.261
05789FC5D6A2DE11ADB3106505003EB8;B0BDDED34CC83E11052F6792C000B249;2025-07-04;2;9.607
05C5F1DC01CAED11A62CD892C0003F2A;B0BDDED34CC83E11052F6792C000B249;2025-07-20;2;12.548
062CC17FED71FE1191EE10650500CBB9;B0BDDED34CC83E11052F6792C000B249;2025-07-01;1;6.190
06CB16F2EB596E11B7B78A650500BC08;B0BDDED34CC83E11052F6792C000B249;2025-07-02;2;11.458
07004D8311CAED11A62CD892C0003F2A;B0BDDED34CC83E11052F6792C000B249;2025-07-09;1;5.032
084DDE41F0CAED11A62CD892C0003F2A;B0BDDED34CC83E11052F6792C000B249;2025-07-01;2;8.323
08652714DAB50F114EF7A826072BCE89;B0BDDED34CC83E11052F6792C000B249;2025-07-24;1;4.045
08C4D81568CCEE1191EE1065050029B9;B0BDDED34CC83E11052F6792C000B249;2025-07-20;1;5.387
093EEB9E7CD9FD11A4A96492C0006F3B;B0BDDED34CC83E11052F6792C000B249;2025-07-12;4;16.387
09CE277B1D5EAE11BE2110650500435A;B0BDDED34CC83E11052F6792C000B249;2025-07-09;1;5.226
0AA3A6474717FE1191EE1065050023C9;B0BDDED34CC83E11052F6792C000B249;2025-07-01;1;4.323
0AAEFA7CF4126E1142D58A650500AD08;B0BDDED34CC83E11052F6792C000B249;2025-07-12;1;7.828
0AB5CF667859FE11128010650500E819;B0BDDED34CC83E11052F6792C000B249;2025-07-14;3;16.065
0ACE2FF5BA510F11112A674AC7E22989;B0BDDED34CC83E11052F6792C000B249;2025-07-09;2;11.903
0AE46024DFE34E1142D58A6505002C08;B0BDDED34CC83E11052F6792C000B249;2025-07-30;5;23.839
0B86BE8D34E77E110819BB65050009AA;B0BDDED34CC83E11052F6792C000B249;2025-07-15;1;4.421
0BB8CE1BD5230E11A4A96492C00008E9;B0BDDED34CC83E11052F6792C000B249;2025-07-11;2;8.194
0BE6BDF7D2EA3E11052F6792C000D249;B0BDDED34CC83E11052F6792C000B249;2025-07-02;2;9.194
0BEF8E7E968B3E11052F6792C000D249;B0BDDED34CC83E11052F6792C000B249;2025-07-01;1;7.839
0C0D1EBFBF3FAE11BE2110650500645A;B0BDDED34CC83E11052F6792C000B249;2025-07-24;1;4.839
0CB5D848B1BBEE1191EE1065050029B9;B0BDDED34CC83E11052F6792C000B249;2025-07-21;3;12.032
0CE46E240E3CEE1191EE1065050029B9;B0BDDED34CC83E11052F6792C000B249;2025-07-14;1;4.733
0D280D4ACE23FD110DC22A92C000C499;B0BDDED34CC83E11052F6792C000B249;2025-07-06;3;18.821
0D60AAA7EFF67E11B7B78A650500ED08;B0BDDED34CC83E11052F6792C000B249;2025-07-01;1;9.769
0D78B1557EE1EE114066106505006C4A;B0BDDED34CC83E11052F6792C000B249;2025-07-04;1;6.560
0DB4821F6410BE11BE2110650500755A;B0BDDED34CC83E11052F6792C000B249;2025-07-20;5;25.677
0DF29417C6730F1158A3BB3DBE8EEB89;B0BDDED34CC83E11052F6792C000B249;2025-07-16;1;5.069
0EA5E4036085FD110DC22A92C000D158;B0BDDED34CC83E11052F6792C000B249;2025-07-01;3;16.000
0EAFE28FD0CAED11A62CD892C0003F2A;B0BDDED34CC83E11052F6792C000B249;2025-07-01;1;4.774
0ED4E02A4A7D5E1142D58A6505002D08;B0BDDED34CC83E11052F6792C000B249;2025-07-05;1;6.097
0F0F9644B7F6FD110DC22A92C000D158;B0BDDED34CC83E11052F6792C000B249;2025-07-22;2;9.370
0F106DB008E4DE11ADB31065050031C8;B0BDDED34CC83E11052F6792C000B249;2025-07-01;1;4.774
0F38AF2514D7EE1191EE1065050097B9;B0BDDED34CC83E11052F6792C000B249;2025-07-13;10;45.742
0F44078EDB4ACE11ADB310650500B2B8;B0BDDED34CC83E11052F6792C000B249;2025-07-28;1;5.097
0FB5BF95F5789E11525010650500D84A;B0BDDED34CC83E11052F6792C000B249;2025-07-12;1;5.258
1125F8F901CAED11A62CD892C0003F2A;B0BDDED34CC83E11052F6792C000B249;2025-07-29;1;4.136
11A39B4ED0CAED11A62CD892C0003F2A;B0BDDED34CC83E11052F6792C000B249;2025-07-13;2;11.839
11BFA7E302A68E11F243BB650500DB3B;B0BDDED34CC83E11052F6792C000B249;2025-07-11;3;18.000
1283222D1B6BAE11BE21106505008F4A;B0BDDED34CC83E11052F6792C000B249;2025-07-24;2;9.407
12FD0AFB10FBEE1191EE1065050029B9;B0BDDED34CC83E11052F6792C000B249;2025-07-01;15;64.613
13044FD2B9BF8E11F243BB650500F74B;B0BDDED34CC83E11052F6792C000B249;2025-07-08;1;5.194
131EEFEDEB088E11F243BB650500AD3B;B0BDDED34CC83E11052F6792C000B249;2025-07-09;1;4.542
13BB500B8FCA9E11525010650500EB4A;B0BDDED34CC83E11052F6792C000B249;2025-07-14;4;27.455
13EBC47CF879CE11ADB310650500A1B8;B0BDDED34CC83E11052F6792C000B249;2025-07-03;1.98;16.933
13EDC40BBE6DFE11F1557891FE690489;B0BDDED34CC83E11052F6792C000B249;2025-07-22;2;8.968
13FE4AEC4052DE11ADB310650500CDB8;B0BDDED34CC83E11052F6792C000B249;2025-07-08;1;8.704
1404F7AD0EEABE118772106505003B59;B0BDDED34CC83E11052F6792C000B249;2025-07-22;1;5.290
14917AB011CAED11A62CD892C0003F2A;B0BDDED34CC83E11052F6792C000B249;2025-07-10;1;6.280
14D35AD7B5F5FE1191EE10650500A1C9;B0BDDED34CC83E11052F6792C000B249;2025-07-01;1;6.290
14EA0AAB4B6C4E1142D58A650500BC08;B0BDDED34CC83E11052F6792C000B249;2025-07-13;1;7.690
15186898638ADE11406610650500924A;B0BDDED34CC83E11052F6792C000B249;2025-07-01;5;22.310
16A4A519CEEFFE11F1557891FE693789;B0BDDED34CC83E11052F6792C000B249;2025-07-10;1;4.346
175AC1A77C3FFE11F1557891FE695689;B0BDDED34CC83E11052F6792C000B249;2025-07-12;1;4.654
175AF9E305B4DE11ADB310650500F0C8;B0BDDED34CC83E11052F6792C000B249;2025-07-01;1;12.636
17AFE28FD0CAED11A62CD892C0003F2A;B0BDDED34CC83E11052F6792C000B249;2025-07-05;1;6.839
17C75E4D560C7E110819BB65050039AA;B0BDDED34CC83E11052F6792C000B249;2025-07-03;2;8.333
17EA1C361195EE1191EE1065050005B9;B0BDDED34CC83E11052F6792C000B249;2025-07-24;1;5.310
181CD867763EAE11BE2110650500135A;B0BDDED34CC83E11052F6792C000B249;2025-07-01;1;12.130
182A8988394CDE11406610650500054A;B0BDDED34CC83E11052F6792C000B249;2025-07-01;2;20.385
185BD54551CAED11A62CD892C0003F2A;B0BDDED34CC83E11052F6792C000B249;2025-07-03;1;7.452
186A3928C9D9FE11128010650500E819;B0BDDED34CC83E11052F6792C000B249;2025-07-09;18;82.355
18E1F5071AF1EE114066106505007C4A;B0BDDED34CC83E11052F6792C000B249;2025-07-12;2;10.556
19DD0C3751CAED11A62CD892C0003F2A;B0BDDED34CC83E11052F6792C000B249;2025-07-10;1;5.677
1A11C75AE64DEE1191EE1065050029B9;B0BDDED34CC83E11052F6792C000B249;2025-07-05;1;4.161
1A2C1FD4AFB0FE1191EE10650500DAB9;B0BDDED34CC83E11052F6792C000B249;2025-07-13;5;32.710
1B1529E90DC2DE11ADB3106505006EB8;B0BDDED34CC83E11052F6792C000B249;2025-07-13;3;20.419
1B49BCD31AF1EE114066106505007C4A;B0BDDED34CC83E11052F6792C000B249;2025-07-04;1;7.480
1B4F278C0ADEAE11BE2110650500E35A;B0BDDED34CC83E11052F6792C000B249;2025-07-28;8;34.452
1B6C8EB465E0EE114066106505000B4A;B0BDDED34CC83E11052F6792C000B249;2025-07-22;8;35.355
1BEFD251CA8F6E11B7B78A650500CD08;B0BDDED34CC83E11052F6792C000B249;2025-07-13;1;4.419
1BFF0450D0CAED11A62CD892C0003F2A;B0BDDED34CC83E11052F6792C000B249;2025-07-12;1;6.581
1CD1B3F7FC027E11B7B78A650500CD08;B0BDDED34CC83E11052F6792C000B249;2025-07-01;4;23.968
1CD9B58A69EF0E1143F0668E42007A39;B0BDDED34CC83E11052F6792C000B249;2025-07-10;1;5.714
1CF5EBC551CAED11A62CD892C0003F2A;B0BDDED34CC83E11052F6792C000B249;2025-07-07;1;7.783
1D8A1418D50DEE1191EE1065050029B9;B0BDDED34CC83E11052F6792C000B249;2025-07-02;2;9.000
1DBCDCFCC82ADE11406610650500224A;B0BDDED34CC83E11052F6792C000B249;2025-07-01;2;9.032
1DD0284BAC93FE1191EE106505009EB9;B0BDDED34CC83E11052F6792C000B249;2025-07-13;1;6.161
1E3D4DF947E4DE11ADB31065050031C8;B0BDDED34CC83E11052F6792C000B249;2025-07-05;1;6.129
1E5EC8ECAB4A6E11B7B78A650500BC08;B0BDDED34CC83E11052F6792C000B249;2025-07-31;1;5.581
1F2EC697F8A30F114EF7A826072B2C89;B0BDDED34CC83E11052F6792C000B249;2025-07-12;2;8.774
1FE882C764EE4E1142D58A650500BC08;B0BDDED34CC83E11052F6792C000B249;2025-07-01;1;4.172
200539E9D2040F114EF7A826072B9C89;B0BDDED34CC83E11052F6792C000B249;2025-07-01;1;5.419
202C9E6028407E11B7B78A650500CD08;B0BDDED34CC83E11052F6792C000B249;2025-07-01;1;5.467
2148978EF4B4DE11ADB310650500F0C8;B0BDDED34CC83E11052F6792C000B249;2025-07-05;3;12.857
214C4B77FAC1FE1191EE106505002CB9;B0BDDED34CC83E11052F6792C000B249;2025-07-24;1;6.290
215EA3470C7DFE1158A3BB3DBE8E1489;B0BDDED34CC83E11052F6792C000B249;2025-07-15;2;9.167
2295E6F99A2CBE11877210650500CC59;B0BDDED34CC83E11052F6792C000B249;2025-07-31;1;5.903
22B935834991FE1191EE10650500EBB9;B0BDDED34CC83E11052F6792C000B249;2025-07-01;2;10.581
22DDB89479EDFE11F1557891FE69A489;B0BDDED34CC83E11052F6792C000B249;2025-07-27;1;4.323
2303D4386BCEAE11BE2110650500D35A;B0BDDED34CC83E11052F6792C000B249;2025-07-30;4;20.161
230BF153001B1E1143F0668E4200EF5A;B0BDDED34CC83E11052F6792C000B249;2025-07-04;1;6.500
2372D8A340CAED11A62CD892C0003F2A;B0BDDED34CC83E11052F6792C000B249;2025-07-08;1;5.548
239584FE0BAE3E11052F6792C000D249;B0BDDED34CC83E11052F6792C000B249;2025-07-15;1;9.300
23B64E1E45B4DE11ADB310650500F0C8;B0BDDED34CC83E11052F6792C000B249;2025-07-01;1;6.452
23BCCFB00811AE117260106505003F4A;B0BDDED34CC83E11052F6792C000B249;2025-07-16;2;8.290
247A7086F254DE11ADB31065050070C8;B0BDDED34CC83E11052F6792C000B249;2025-07-01;1;6.600
2570D5B00D11BE11BE2110650500C65A;B0BDDED34CC83E11052F6792C000B249;2025-07-23;1;6.963
25B386D90DC2DE11ADB3106505006EB8;B0BDDED34CC83E11052F6792C000B249;2025-07-01;2;13.258
25EA3045EA93FE1191EE106505009EB9;B0BDDED34CC83E11052F6792C000B249;2025-07-05;1;4.129
26022A9E0820DE11ADB310650500BAB8;B0BDDED34CC83E11052F6792C000B249;2025-07-16;1;4.355
27312590B0CAED11A62CD892C0003F2A;B0BDDED34CC83E11052F6792C000B249;2025-07-01;30;142.387
28091FE230DEFE11F1557891FE69C589;B0BDDED34CC83E11052F6792C000B249;2025-07-01;5;21.323
28569C69DB596E11B7B78A650500BC08;B0BDDED34CC83E11052F6792C000B249;2025-07-07;2;15.179
28A3CCA43101AE117260106505001F4A;B0BDDED34CC83E11052F6792C000B249;2025-07-09;2;8.452
28C90F3FD7D9FE11128010650500E819;B0BDDED34CC83E11052F6792C000B249;2025-07-23;1;5.097
28CA0A597727CE11ADB310650500AEA8;B0BDDED34CC83E11052F6792C000B249;2025-07-20;3;18.774
28CC8E31A0566E11B7B78A650500BC08;B0BDDED34CC83E11052F6792C000B249;2025-07-24;1;10.710
28DD0C3751CAED11A62CD892C0003F2A;B0BDDED34CC83E11052F6792C000B249;2025-07-06;1;4.065
28E249F29B23FE1191EE10650500FDB9;B0BDDED34CC83E11052F6792C000B249;2025-07-26;2;9.903
28F47CBC4101AE117260106505001F4A;B0BDDED34CC83E11052F6792C000B249;2025-07-12;2;10.905
2961BBF7F62FFE11F1557891FE693689;B0BDDED34CC83E11052F6792C000B249;2025-07-19;1;4.452
29D603E7EC14CE11877210650500E669;B0BDDED34CC83E11052F6792C000B249;2025-07-22;1;4.040
29F1DF00F935FE1191EE10650500B0C9;B0BDDED34CC83E11052F6792C000B249;2025-07-19;1;4.680
2A2B48450B630F114EF7A826072BDB89;B0BDDED34CC83E11052F6792C000B249;2025-07-12;1;5.222
2A322D630C20FE1191EE106505001AB9;B0BDDED34CC83E11052F6792C000B249;2025-07-06;1;5.731
2A68E6E4C80CEE1191EE1065050029B9;B0BDDED34CC83E11052F6792C000B249;2025-07-20;1;6.677
2A8779C141CAED11A62CD892C0003F2A;B0BDDED34CC83E11052F6792C000B249;2025-07-01;1;4.871
2AF107EA01CAED11A62CD892C0003F2A;B0BDDED34CC83E11052F6792C000B249;2025-07-01;1;7.903
2B23E5EBF89DDE11406610650500B64A;B0BDDED34CC83E11052F6792C000B249;2025-07-07;1;4.871
2B8779C141CAED11A62CD892C0003F2A;B0BDDED34CC83E11052F6792C000B249;2025-07-01;1;5.167
2C754762F0CAED11A62CD892C0003F2A;B0BDDED34CC83E11052F6792C000B249;2025-07-01;6;32.419
2D280C348FCA9E11525010650500EB4A;B0BDDED34CC83E11052F6792C000B249;2025-07-08;1;14.677
2D3B73B38ABAFE11128010650500E819;B0BDDED34CC83E11052F6792C000B249;2025-07-06;1;83.645
2D4B0DAA63D2FE1191EE106505007DB9;B0BDDED34CC83E11052F6792C000B249;2025-07-18;2;18.806
2D5CCA3AF2F8AE11BE21106505006C4A;B0BDDED34CC83E11052F6792C000B249;2025-07-15;2;10.581
2E8D6BD16F4FBE11877210650500C069;B0BDDED34CC83E11052F6792C000B249;2025-07-01;3;16.769
2EAF5F01D0637E11B7B78A650500DD08;B0BDDED34CC83E11052F6792C000B249;2025-07-11;3;19.645
2EBF1EC7A570AE117260106505006E4A;B0BDDED34CC83E11052F6792C000B249;2025-07-09;2;10.214
2EC67A9CC0CAED11A62CD892C0003F2A;B0BDDED34CC83E11052F6792C000B249;2025-07-01;3;12.290
2ED077151EDEFE11F1557891FE69D589;B0BDDED34CC83E11052F6792C000B249;2025-07-22;1;4.806
2EE711AABB427E11B7B78A650500CD08;B0BDDED34CC83E11052F6792C000B249;2025-07-21;3;14.433
2EFF22F28ABAFE11128010650500E819;B0BDDED34CC83E11052F6792C000B249;2025-07-31;13;58.516
2FBDE941BE31FE1191EE106505007BB9;B0BDDED34CC83E11052F6792C000B249;2025-07-31;1;8.484
2FD20E8773D0DE11ADB310650500BBB8;B0BDDED34CC83E11052F6792C000B249;2025-07-30;4;16.833
3093F37765D65E1142D58A650500DC08;B0BDDED34CC83E11052F6792C000B249;2025-07-07;1;7.609
30A37BDB0F7DFD11A4A96492C0006D28;B0BDDED34CC83E11052F6792C000B249;2025-07-01;2;8.839
31080A45A1B40F114EF7A826072B7D89;B0BDDED34CC83E11052F6792C000B249;2025-07-18;2;8.357
312C9260A019FE11128010650500E819;B0BDDED34CC83E11052F6792C000B249;2025-07-20;1;4.750
3160794DCD1BFE11128010650500E819;B0BDDED34CC83E11052F6792C000B249;2025-07-16;3;12.290
31A39B4ED0CAED11A62CD892C0003F2A;B0BDDED34CC83E11052F6792C000B249;2025-07-08;2;8.355
32716CB14579FE11128010650500E819;B0BDDED34CC83E11052F6792C000B249;2025-07-15;2;31.806
32C28F7A4DEABE118772106505003B59;B0BDDED34CC83E11052F6792C000B249;2025-07-09;2;9.419
32E4596CA59BDE11406610650500144A;B0BDDED34CC83E11052F6792C000B249;2025-07-01;1;5.929
3308A5E062121E1143F0668E42008C3B;B0BDDED34CC83E11052F6792C000B249;2025-07-07;2;11.613
33479886119EBE11877210650500DF59;B0BDDED34CC83E11052F6792C000B249;2025-07-24;4;38.968
335C8EE9F7BAFE11128010650500E819;B0BDDED34CC83E11052F6792C000B249;2025-07-27;6;24.129
3376033300C80E11A4A96492C0001269;B0BDDED34CC83E11052F6792C000B249;2025-07-29;4;16.677
339032F28ABAFE11128010650500E819;B0BDDED34CC83E11052F6792C000B249;2025-07-23;1;19.548
33993B4824789E11525010650500D84A;B0BDDED34CC83E11052F6792C000B249;2025-07-04;36;147.935
3443EEBA85FEFE11F1557891FE69F589;B0BDDED34CC83E11052F6792C000B249;2025-07-16;1;6.806
345DC7F6891A6E11B7B78A650500BC08;B0BDDED34CC83E11052F6792C000B249;2025-07-16;1;5.958
3460F0B96AA06E1142D58A650500AD08;B0BDDED34CC83E11052F6792C000B249;2025-07-25;1;4.393
350267648D4EFE11F1557891FE692589;B0BDDED34CC83E11052F6792C000B249;2025-07-01;1;4.806
363F57AF5BCEAE11BE2110650500D35A;B0BDDED34CC83E11052F6792C000B249;2025-07-08;1;10.774
366491A43CD4CE11ADB3106505000DA8;B0BDDED34CC83E11052F6792C000B249;2025-07-01;1;6.885
3714554E087EFE11F1557891FE695589;B0BDDED34CC83E11052F6792C000B249;2025-07-26;1;5.000
37308690BFC18E113835BB650500B9AA;B0BDDED34CC83E11052F6792C000B249;2025-07-12;2;11.308
373E31DB3104FE1191EE106505001FB9;B0BDDED34CC83E11052F6792C000B249;2025-07-10;1;4.607
37455139187CCE11ADB310650500B5B8;B0BDDED34CC83E11052F6792C000B249;2025-07-12;3;32.533
376CC40BBE6DFE11F1557891FE690489;B0BDDED34CC83E11052F6792C000B249;2025-07-15;4;16.710
37C14B066612FE1191EE106505008CB9;B0BDDED34CC83E11052F6792C000B249;2025-07-16;1;5.581
380BD9AC7B948E113835BB6505003DAA;B0BDDED34CC83E11052F6792C000B249;2025-07-02;1;5.839
3866FC7815520F114EF7A826072B7A89;B0BDDED34CC83E11052F6792C000B249;2025-07-01;2;9.893
38AC2CCB10FBEE1191EE1065050029B9;B0BDDED34CC83E11052F6792C000B249;2025-07-01;4;25.484
38C949A50FBBEE1191EE1065050029B9;B0BDDED34CC83E11052F6792C000B249;2025-07-01;1;5.097
38D11EDAC550CE118772106505001269;B0BDDED34CC83E11052F6792C000B249;2025-07-19;2;9.615
38D310796A787E110819BB65050009AA;B0BDDED34CC83E11052F6792C000B249;2025-07-24;1;5.963
396E744FAC58FE11128010650500D819;B0BDDED34CC83E11052F6792C000B249;2025-07-10;1;5.500
39767FA96A1B8E11F243BB650500814B;B0BDDED34CC83E11052F6792C000B249;2025-07-17;2;8.393
39A6F4ADE2DFEE1191EE10650500A9B9;B0BDDED34CC83E11052F6792C000B249;2025-07-01;1;4.484
39F0313630556E11B7B78A650500BC08;B0BDDED34CC83E11052F6792C000B249;2025-07-01;1;6.045
3AA622F431010F11112A674AC7E2B889;B0BDDED34CC83E11052F6792C000B249;2025-07-01;1;7.774
3AD0EE26A373FE1191EE106505006EB9;B0BDDED34CC83E11052F6792C000B249;2025-07-06;1;4.290
3B3032F28ABAFE11128010650500E819;B0BDDED34CC83E11052F6792C000B249;2025-07-25;6;25.419
3B4784AC1A5FFE11F1557891FE697689;B0BDDED34CC83E11052F6792C000B249;2025-07-24;1;6.032
3B6543C06E3CEE1191EE1065050029B9;B0BDDED34CC83E11052F6792C000B249;2025-07-01;6;24.419
3B670700E0CAED11A62CD892C0003F2A;B0BDDED34CC83E11052F6792C000B249;2025-07-17;2;8.071
3B6C5A1A13080E11A4A96492C00009EB;B0BDDED34CC83E11052F6792C000B249;2025-07-05;2;9.226
3BBCE05C41446E11B7B78A650500BC08;B0BDDED34CC83E11052F6792C000B249;2025-07-10;1;6.710
3C4E17A90E907E11B7B78A650500CD08;B0BDDED34CC83E11052F6792C000B249;2025-07-20;4;18.625
3C83B91FF106FE1191EE10650500B1C9;B0BDDED34CC83E11052F6792C000B249;2025-07-24;1;5.806
3CDC86FB3F14CE11877210650500E669;B0BDDED34CC83E11052F6792C000B249;2025-07-07;1;5.833
3CDEBE2515B4DE11ADB310650500F0C8;B0BDDED34CC83E11052F6792C000B249;2025-07-01;2;15.226
3D04EEBA85FEFE11F1557891FE69F589;B0BDDED34CC83E11052F6792C000B249;2025-07-14;1;4.733
3D6B8175CDEAAE11BE2110650500EE4A;B0BDDED34CC83E11052F6792C000B249;2025-07-23;1;5.130
3D77263A378B3E11052F6792C000D249;B0BDDED34CC83E11052F6792C000B249;2025-07-01;2;19.968
3D963A89DBB1EE114066106505001C4A;B0BDDED34CC83E11052F6792C000B249;2025-07-14;1;4.968
3DD574944E462E1143F0668E420006EB;B0BDDED34CC83E11052F6792C000B249;2025-07-06;1;5.769
3E2F47E1F6E10F114EF7A826072BE989;B0BDDED34CC83E11052F6792C000B249;2025-07-24;1;8.231
3E7D513E9D459E115540106505005F3B;B0BDDED34CC83E11052F6792C000B249;2025-07-27;1;5.194
3E9EAC7B048FCE11ADB310650500D9B8;B0BDDED34CC83E11052F6792C000B249;2025-07-01;1;5.129
3EE4E88AC7E4DE11ADB31065050031C8;B0BDDED34CC83E11052F6792C000B249;2025-07-16;1;7.667
3F3996C74B768E11F243BB650500AB3B;B0BDDED34CC83E11052F6792C000B249;2025-07-16;1;4.375
3F6785D8D0CAED11A62CD892C0003F2A;B0BDDED34CC83E11052F6792C000B249;2025-07-12;1;7.733
3FD9825A5B185E1142D58A650500DC08;B0BDDED34CC83E11052F6792C000B249;2025-07-23;1;4.111
402D380A0D3C5E1142D58A6505000D08;B0BDDED34CC83E11052F6792C000B249;2025-07-16;2;9.484
4049248CF5802E1143F0668E4200C71A;B0BDDED34CC83E11052F6792C000B249;2025-07-01;1;8.241
406D3248360C7E110819BB65050039AA;B0BDDED34CC83E11052F6792C000B249;2025-07-12;1;4.321
406F525E25DFEE1191EE10650500A9B9;B0BDDED34CC83E11052F6792C000B249;2025-07-09;1;4.682
40706CAC2C2DFE11F1557891FE69B389;B0BDDED34CC83E11052F6792C000B249;2025-07-12;1;4.161
40818328B30ACE11ADB31065050052B8;B0BDDED34CC83E11052F6792C000B249;2025-07-25;1;4.333
40F32E312D42FD110DC22A92C0006778;B0BDDED34CC83E11052F6792C000B249;2025-07-18;49;334.452
4111358D85802E1143F0668E4200C71A;B0BDDED34CC83E11052F6792C000B249;2025-07-14;1;4.533
4125BA1279278E11F243BB6505008C3B;B0BDDED34CC83E11052F6792C000B249;2025-07-19;1;5.677
41321E312D08DE11C84610650500707A;B0BDDED34CC83E11052F6792C000B249;2025-07-11;3;12.903
416177151EDEFE11F1557891FE69D589;B0BDDED34CC83E11052F6792C000B249;2025-07-14;1;6.419
418586B83596DE11ADB31065050053C8;B0BDDED34CC83E11052F6792C000B249;2025-07-16;1;5.000
419C7098DF29DE11C84610650500E17A;B0BDDED34CC83E11052F6792C000B249;2025-07-28;1;4.107
42DD54E5D0CAED11A62CD892C0003F2A;B0BDDED34CC83E11052F6792C000B249;2025-07-28;1;4.867
4306E2D6F4F98E11F243BB650500104B;B0BDDED34CC83E11052F6792C000B249;2025-07-20;1;4.818
4331172115B4DE11ADB310650500F0C8;B0BDDED34CC83E11052F6792C000B249;2025-07-01;5;20.065
434CFC634974EE11B1AD10650500F7EA;B0BDDED34CC83E11052F6792C000B249;2025-07-01;2;8.333
4390B32D9972EE114066106505001D4A;B0BDDED34CC83E11052F6792C000B249;2025-07-06;1;6.200
4398024E31CAED11A62CD892C0003F2A;B0BDDED34CC83E11052F6792C000B249;2025-07-13;1;5.259
43DC7C2BDCFDFD11A4A96492C0006D28;B0BDDED34CC83E11052F6792C000B249;2025-07-06;2;10.107
43E2A38201CAED11A62CD892C0003F2A;B0BDDED34CC83E11052F6792C000B249;2025-07-01;2;16.222
43F06710DB8CBE118772106505004D59;B0BDDED34CC83E11052F6792C000B249;2025-07-24;4;18.613
4405D5043A33BE11BE2110650500795A;B0BDDED34CC83E11052F6792C000B249;2025-07-08;1;4.350
440740EB35B4DE11ADB310650500F0C8;B0BDDED34CC83E11052F6792C000B249;2025-07-29;1;6.645
445CEACB42708E110819BB65050039AA;B0BDDED34CC83E11052F6792C000B249;2025-07-01;2;17.042
447C2E7CF6E66E11B7B78A650500BC08;B0BDDED34CC83E11052F6792C000B249;2025-07-15;1;6.484
44BC68D00D8FCE11ADB310650500E9B8;B0BDDED34CC83E11052F6792C000B249;2025-07-22;4;20.000
4544DE59DD7ABE11877210650500AA59;B0BDDED34CC83E11052F6792C000B249;2025-07-16;3;18.037
45489844023EDE11406610650500874A;B0BDDED34CC83E11052F6792C000B249;2025-07-29;13;64.161
45720D1B63B9BE11877210650500A959;B0BDDED34CC83E11052F6792C000B249;2025-07-13;7;30.645
4573F37236DDBE11877210650500EE59;B0BDDED34CC83E11052F6792C000B249;2025-07-20;1;5.080
4591F8DAA36BCE11ADB31065050034B8;B0BDDED34CC83E11052F6792C000B249;2025-07-20;1;4.120
45C26A0553435E1142D58A650500DC08;B0BDDED34CC83E11052F6792C000B249;2025-07-01;1;4.581
4604C5F36494FE1191EE10650500EFB9;B0BDDED34CC83E11052F6792C000B249;2025-07-14;4;19.000
4616992BD0758E113835BB6505004EAA;B0BDDED34CC83E11052F6792C000B249;2025-07-22;1;4.032
4622243AB7A0EE11406610650500BA4A;B0BDDED34CC83E11052F6792C000B249;2025-07-10;1;6.000
468337CD542CAE11BE2110650500705A;B0BDDED34CC83E11052F6792C000B249;2025-07-21;2;19.355
46881F4B13D0DE11ADB310650500BBB8;B0BDDED34CC83E11052F6792C000B249;2025-07-01;3;21.065
46B63D2329363E11052F6792C000FF39;B0BDDED34CC83E11052F6792C000B249;2025-07-01;5;41.903
46C66CB929DA3E11052F6792C000D249;B0BDDED34CC83E11052F6792C000B249;2025-07-19;1;10.267
46D22B59CB0E9E117260106505005B4A;B0BDDED34CC83E11052F6792C000B249;2025-07-02;1;5.129
4719182F55FDFE11F1557891FE69B489;B0BDDED34CC83E11052F6792C000B249;2025-07-19;3;21.968
473B611FE6C75E1142D58A650500DC08;B0BDDED34CC83E11052F6792C000B249;2025-07-14;1;10.129
47499318FFE1EE114066106505006C4A;B0BDDED34CC83E11052F6792C000B249;2025-07-13;1;6.065
476C3997B34C2E11052F6792C000CF39;B0BDDED34CC83E11052F6792C000B249;2025-07-03;1;10.607
4784E24A772A7E110819BB65050029AA;B0BDDED34CC83E11052F6792C000B249;2025-07-13;1;5.968
47D99E6F430ACE11ADB31065050052B8;B0BDDED34CC83E11052F6792C000B249;2025-07-20;7;29.581
483D99A1C77CCE11ADB310650500B5B8;B0BDDED34CC83E11052F6792C000B249;2025-07-15;12;63.742
4877C406B70ECE11ADB310650500D7B8;B0BDDED34CC83E11052F6792C000B249;2025-07-14;1;13.696
491F1BCB7FD3DE11ADB310650500CFB8;B0BDDED34CC83E11052F6792C000B249;2025-07-01;1;5.032
497EC6546717FE1191EE1065050023C9;B0BDDED34CC83E11052F6792C000B249;2025-07-03;2;10.276
49AA16490C6A9E115250106505006B4A;B0BDDED34CC83E11052F6792C000B249;2025-07-01;1;7.217
49C80A45A1B40F114EF7A826072B7D89;B0BDDED34CC83E11052F6792C000B249;2025-07-17;1;4.615
49F12A7F87788E11F243BB6505002E3B;B0BDDED34CC83E11052F6792C000B249;2025-07-22;1;6.871
4A12BAC636EEAE11BE2110650500F35A;B0BDDED34CC83E11052F6792C000B249;2025-07-01;1;5.387
4A475C7445AE4E1142D58A650500BC08;B0BDDED34CC83E11052F6792C000B249;2025-07-21;1;10.226
4A92CBDD2233DE11ADB310650500EEB8;B0BDDED34CC83E11052F6792C000B249;2025-07-15;1;5.258
4B8D915EF8EFCE11ADB3106505006AB8;B0BDDED34CC83E11052F6792C000B249;2025-07-01;7;30.710
4C4051DB08300F11F1557891FE699789;B0BDDED34CC83E11052F6792C000B249;2025-07-05;1;4.348
4CC5040550FE5E1142D58A6505006D08;B0BDDED34CC83E11052F6792C000B249;2025-07-17;2;10.323
4CE116DBFA719E11F243BB6505003A4B;B0BDDED34CC83E11052F6792C000B249;2025-07-31;4;17.387
4D09AA3111CAED11A62CD892C0003F2A;B0BDDED34CC83E11052F6792C000B249;2025-07-01;1;5.258
4D4F333878C45E1142D58A650500DC08;B0BDDED34CC83E11052F6792C000B249;2025-07-25;1;11.154
4D61CD5CEB01FE1191EE106505003BB9;B0BDDED34CC83E11052F6792C000B249;2025-07-15;4;18.290
4D7B9DB89C3CEE1191EE1065050029B9;B0BDDED34CC83E11052F6792C000B249;2025-07-01;46;197.548
4D7EEA51F001AE117260106505001F4A;B0BDDED34CC83E11052F6792C000B249;2025-07-08;1;6.516
4D90BF0CDA65EE11B1AD1065050039EA;B0BDDED34CC83E11052F6792C000B249;2025-07-12;20;82.710
4DC54A9225B4DE11ADB310650500F0C8;B0BDDED34CC83E11052F6792C000B249;2025-07-27;6;27.100
4DED4C69ED22FE1191EE10650500ACB9;B0BDDED34CC83E11052F6792C000B249;2025-07-01;1;22.581
4E5C53538ABAFE11128010650500E819;B0BDDED34CC83E11052F6792C000B249;2025-07-12;6;45.833
4E5EB1884E012E1143F0668E4200C71A;B0BDDED34CC83E11052F6792C000B249;2025-07-01;1;4.233
4E71D96512248E113835BB6505009CAA;B0BDDED34CC83E11052F6792C000B249;2025-07-01;2;20.368
4E79DB5207F48E113835BB650500ADAA;B0BDDED34CC83E11052F6792C000B249;2025-07-13;2;8.774
4E7A8CB7C54DEE1191EE1065050029B9;B0BDDED34CC83E11052F6792C000B249;2025-07-17;3;12.290
4EA3614C12C18E111E1BBB65050099AA;B0BDDED34CC83E11052F6792C000B249;2025-07-07;1;4.129
4F060D28BE14CE11877210650500E669;B0BDDED34CC83E11052F6792C000B249;2025-07-08;1;4.161
4FA6CDF56612FE1191EE106505008CB9;B0BDDED34CC83E11052F6792C000B249;2025-07-01;1;4.065
505764FBF7138E110223BB6505005BAA;B0BDDED34CC83E11052F6792C000B249;2025-07-13;2;8.548
5096C19D764E3E11052F6792C000D249;B0BDDED34CC83E11052F6792C000B249;2025-07-18;7;34.097
50A39B4ED0CAED11A62CD892C0003F2A;B0BDDED34CC83E11052F6792C000B249;2025-07-12;2;9.129
50C5BD4522606E1142D58A650500AD08;B0BDDED34CC83E11052F6792C000B249;2025-07-08;11;44.387
50E7FA44F280BE11BE2110650500065A;B0BDDED34CC83E11052F6792C000B249;2025-07-18;1;5.000
5101C7FFF0CAED11A62CD892C0003F2A;B0BDDED34CC83E11052F6792C000B249;2025-07-07;5;21.350
514C21408EE2BE11BE2110650500195A;B0BDDED34CC83E11052F6792C000B249;2025-07-04;1;5.258
5178C674BB596E11B7B78A650500BC08;B0BDDED34CC83E11052F6792C000B249;2025-07-05;1;4.065
525BD54551CAED11A62CD892C0003F2A;B0BDDED34CC83E11052F6792C000B249;2025-07-08;1;4.154
52BC0A2547FF4E1142D58A650500BC08;B0BDDED34CC83E11052F6792C000B249;2025-07-08;63;309.742
52CBB8981C93FE1191EE106505009EB9;B0BDDED34CC83E11052F6792C000B249;2025-07-16;2;13.520
52E40D500890DE11ADB3106505006BB8;B0BDDED34CC83E11052F6792C000B249;2025-07-15;1;4.194
52EC0D7DEAD02E1143F0668E4200C71A;B0BDDED34CC83E11052F6792C000B249;2025-07-01;2;8.581
5331461F94EAFD11A4A96492C0006F3B;B0BDDED34CC83E11052F6792C000B249;2025-07-11;2;8.968
537FB3E619348E113835BB650500BCAA;B0BDDED34CC83E11052F6792C000B249;2025-07-22;1;7.258
53B0F37385DB9E11726010650500784A;B0BDDED34CC83E11052F6792C000B249;2025-07-04;1;4.516
543A468EADB88E11F243BB6505008E3B;B0BDDED34CC83E11052F6792C000B249;2025-07-01;1;6.786
546B556D699F7E110819BB65050039AA;B0BDDED34CC83E11052F6792C000B249;2025-07-05;2;8.429
548618F44C0D7E110819BB65050039AA;B0BDDED34CC83E11052F6792C000B249;2025-07-12;1;7.833
549E65B9CB3AAE11BE21106505000E4A;B0BDDED34CC83E11052F6792C000B249;2025-07-29;2;8.065
54EFD822578B3E11052F6792C000D249;B0BDDED34CC83E11052F6792C000B249;2025-07-23;2;10.129
5533473BAD2ECE11ADB31065050008B8;B0BDDED34CC83E11052F6792C000B249;2025-07-04;3;18.808
5547DBC607F1DE11ADB3106505005DB8;B0BDDED34CC83E11052F6792C000B249;2025-07-13;2;10.655
556491A43CD4CE11ADB3106505000DA8;B0BDDED34CC83E11052F6792C000B249;2025-07-01;1;6.000
55927570069CEE1191EE1065050029B9;B0BDDED34CC83E11052F6792C000B249;2025-07-31;1;5.516
55A4C6789109AE11BE21106505007C4A;B0BDDED34CC83E11052F6792C000B249;2025-07-01;1;11.710
55B62ACC69DDCE11ADB31065050097B8;B0BDDED34CC83E11052F6792C000B249;2025-07-14;2;9.533
55F1412AC9280E11A4A96492C00009EB;B0BDDED34CC83E11052F6792C000B249;2025-07-01;1;7.217
561A958001CAED11A62CD892C0003F2A;B0BDDED34CC83E11052F6792C000B249;2025-07-10;2;8.419
562C789F77788E11F243BB6505002E3B;B0BDDED34CC83E11052F6792C000B249;2025-07-31;1;17.129
565BD54551CAED11A62CD892C0003F2A;B0BDDED34CC83E11052F6792C000B249;2025-07-08;1;4.968
567724ADC4968E11F243BB650500CB3B;B0BDDED34CC83E11052F6792C000B249;2025-07-10;1;10.387
571828FC7EF78E11F243BB6505009D3B;B0BDDED34CC83E11052F6792C000B249;2025-07-30;1;5.710
5742DA549832FE1191EE10650500BCB9;B0BDDED34CC83E11052F6792C000B249;2025-07-02;1;10.968
5773E0321577DE11C84610650500BF6A;B0BDDED34CC83E11052F6792C000B249;2025-07-24;5;21.323
584399AC9E456E11B7B78A650500BC08;B0BDDED34CC83E11052F6792C000B249;2025-07-23;2;8.452
58F2EB04AA4FFE11F1557891FE696689;B0BDDED34CC83E11052F6792C000B249;2025-07-03;1;5.931
597DDBD899363E11052F6792C000FF39;B0BDDED34CC83E11052F6792C000B249;2025-07-22;5;29.742
598A7EB17C8DED11A62CD892C0003F2A;B0BDDED34CC83E11052F6792C000B249;2025-07-04;1;7.864
5991B4B3B30BFE11128010650500E819;B0BDDED34CC83E11052F6792C000B249;2025-07-07;1;4.387
59D25827CE854E1142D58A6505002C08;B0BDDED34CC83E11052F6792C000B249;2025-07-01;1;5.226
59F0BB721CC46E11B7B78A650500BC08;B0BDDED34CC83E11052F6792C000B249;2025-07-06;1;5.323
5A391BBFBD0C5E1142D58A6505000D08;B0BDDED34CC83E11052F6792C000B249;2025-07-08;1;5.355
5B51F5AC1A68FE11128010650500D819;B0BDDED34CC83E11052F6792C000B249;2025-07-28;1;6.032
5B5313B63DBBEE1191EE1065050029B9;B0BDDED34CC83E11052F6792C000B249;2025-07-06;3;14.258
5B6C3D0B22047E11B7B78A650500DD08;B0BDDED34CC83E11052F6792C000B249;2025-07-02;1;5.417
5B9DD252C7300F11F1557891FE699789;B0BDDED34CC83E11052F6792C000B249;2025-07-26;6;31.517
5BFF0450D0CAED11A62CD892C0003F2A;B0BDDED34CC83E11052F6792C000B249;2025-07-10;2;10.682
5C24CDFBE294DE11ADB310650500C0C8;B0BDDED34CC83E11052F6792C000B249;2025-07-04;1;4.710
5C9E47EAD0CAED11A62CD892C0003F2A;B0BDDED34CC83E11052F6792C000B249;2025-07-01;1;8.846
5CCF0F9C17C2FE1191EE106505006DB9;B0BDDED34CC83E11052F6792C000B249;2025-07-11;3;14.323
5D296445F0CAED11A62CD892C0003F2A;B0BDDED34CC83E11052F6792C000B249;2025-07-08;1;4.591
5D47F32A070ECE11ADB310650500D7B8;B0BDDED34CC83E11052F6792C000B249;2025-07-03;1;7.655
5D9B2D2C50C1CE11877210650500E369;B0BDDED34CC83E11052F6792C000B249;2025-07-17;2;8.926
5E0435C5BE52EE11406610650500FC4A;B0BDDED34CC83E11052F6792C000B249;2025-07-13;1;5.774
5EA0BB5F01CAED11A62CD892C0003F2A;B0BDDED34CC83E11052F6792C000B249;2025-07-01;1;18.903
5EC700335FD44E1142D58A6505002C08;B0BDDED34CC83E11052F6792C000B249;2025-07-20;2;13.710
5ECE8753F0CAED11A62CD892C0003F2A;B0BDDED34CC83E11052F6792C000B249;2025-07-06;1;4.414
5EEA0BADA4250F114EF7A826072B0E89;B0BDDED34CC83E11052F6792C000B249;2025-07-29;1;7.063
5EFF4BD24579FE11128010650500E819;B0BDDED34CC83E11052F6792C000B249;2025-07-28;4;20.069
5FFE8F24111EAE11BE2110650500E25A;B0BDDED34CC83E11052F6792C000B249;2025-07-08;1;5.696
602F795CD0CAED11A62CD892C0003F2A;B0BDDED34CC83E11052F6792C000B249;2025-07-26;1;5.258
60FCD678098FEE1191EE1065050049B9;B0BDDED34CC83E11052F6792C000B249;2025-07-01;1;8.739
617BF8801BA8FE11128010650500D819;B0BDDED34CC83E11052F6792C000B249;2025-07-01;1;5.100
61B7D62572907E11B7B78A650500CD08;B0BDDED34CC83E11052F6792C000B249;2025-07-01;2;13.467
620448EA86B5EE1191EE1065050035B9;B0BDDED34CC83E11052F6792C000B249;2025-07-20;2;14.083
620B73B38ABAFE11128010650500E819;B0BDDED34CC83E11052F6792C000B249;2025-07-06;1;74.742
62C9BA148ABAFE11128010650500E819;B0BDDED34CC83E11052F6792C000B249;2025-07-24;3;12.581
6317EC0A61593E11052F6792C000D249;B0BDDED34CC83E11052F6792C000B249;2025-07-13;1;4.227
631E9DB11A278E11F243BB6505008C3B;B0BDDED34CC83E11052F6792C000B249;2025-07-18;2;11.742
63365A69F7BAFE11128010650500E819;B0BDDED34CC83E11052F6792C000B249;2025-07-17;6;29.444
636931D6104FFE11F1557891FE695689;B0BDDED34CC83E11052F6792C000B249;2025-07-29;1;4.645
637D7E8CF0CAED11A62CD892C0003F2A;B0BDDED34CC83E11052F6792C000B249;2025-07-17;1;6.806
638095B234D04E1142D58A650500DB08;B0BDDED34CC83E11052F6792C000B249;2025-07-01;1;9.968
6396BB8EEB0AFE11128010650500E819;B0BDDED34CC83E11052F6792C000B249;2025-07-23;2;11.613
6398024E31CAED11A62CD892C0003F2A;B0BDDED34CC83E11052F6792C000B249;2025-07-02;1;7.174
63CF22F28ABAFE11128010650500E819;B0BDDED34CC83E11052F6792C000B249;2025-07-11;4;18.161
63F06CAC2C2DFE11F1557891FE69B389;B0BDDED34CC83E11052F6792C000B249;2025-07-13;1;4.968
63FDBD05B4C7DE11C84610650500107A;B0BDDED34CC83E11052F6792C000B249;2025-07-03;2;8.774
64587A2041CAED11A62CD892C0003F2A;B0BDDED34CC83E11052F6792C000B249;2025-07-31;1;4.968
64DD96928FCA9E11525010650500EB4A;B0BDDED34CC83E11052F6792C000B249;2025-07-20;3;17.320
64E177151EDEFE11F1557891FE69D589;B0BDDED34CC83E11052F6792C000B249;2025-07-16;1;4.160
654D54B8C6616E1142D58A650500AD08;B0BDDED34CC83E11052F6792C000B249;2025-07-04;2;9.034
656CE14AB35B6E11B7B78A650500BC08;B0BDDED34CC83E11052F6792C000B249;2025-07-14;1;6.710
65BC9DE2AE24DE11ADB31065050040C8;B0BDDED34CC83E11052F6792C000B249;2025-07-12;2;8.742
660CB01370E90E11A4A96492C0001269;B0BDDED34CC83E11052F6792C000B249;2025-07-14;1;6.241
661CD5DA0B156E11B7B78A650500BC08;B0BDDED34CC83E11052F6792C000B249;2025-07-20;7;35.258
662AC45A4BB23E11052F6792C000CF39;B0BDDED34CC83E11052F6792C000B249;2025-07-22;2;8.774
670B0CB751CAED11A62CD892C0003F2A;B0BDDED34CC83E11052F6792C000B249;2025-07-01;1;4.581
67A6D63B2D027E11B7B78A650500CD08;B0BDDED34CC83E11052F6792C000B249;2025-07-01;3;22.935
6826B17C2C40EE114066106505004A4A;B0BDDED34CC83E11052F6792C000B249;2025-07-22;3;18.968
684DDD9A2AB00F11F1557891FE693889;B0BDDED34CC83E11052F6792C000B249;2025-07-28;1;5.571
687539341767BE11877210650500B659;B0BDDED34CC83E11052F6792C000B249;2025-07-31;2;10.581
6883CD0A469BED11A62CD892C0003F2A;B0BDDED34CC83E11052F6792C000B249;2025-07-01;1;10.208
68C844D3D0CAED11A62CD892C0003F2A;B0BDDED34CC83E11052F6792C000B249;2025-07-06;3;13.258
6907DDE6AFD34E1142D58A6505002C08;B0BDDED34CC83E11052F6792C000B249;2025-07-01;1;4.387
6946CEEEEA6CCE11ADB310650500A5B8;B0BDDED34CC83E11052F6792C000B249;2025-07-01;7;29.516
69BD6539D3269E11554010650500604B;B0BDDED34CC83E11052F6792C000B249;2025-07-15;3;15.552
6A32F2340F0EEE1191EE1065050029B9;B0BDDED34CC83E11052F6792C000B249;2025-07-05;1;4.385
6A95014A0B89EE1191EE1065050009B9;B0BDDED34CC83E11052F6792C000B249;2025-07-31;2;8.733
6A99182F55FDFE11F1557891FE69B489;B0BDDED34CC83E11052F6792C000B249;2025-07-16;1;9.813
6B05BDD29C8DED11A62CD892C0003F2A;B0BDDED34CC83E11052F6792C000B249;2025-07-12;1;5.917
6B4EDC5C01CAED11A62CD892C0003F2A;B0BDDED34CC83E11052F6792C000B249;2025-07-15;1;6.333
6B6D9DCF76640F114EF7A826072B1D89;B0BDDED34CC83E11052F6792C000B249;2025-07-20;2;8.903
6BAB5CCC563EAE11BE2110650500135A;B0BDDED34CC83E11052F6792C000B249;2025-07-08;3;21.533
6BEBE596FB913E11052F6792C000CF39;B0BDDED34CC83E11052F6792C000B249;2025-07-17;1;11.742
6C26EE937F54DE11ADB31065050080C8;B0BDDED34CC83E11052F6792C000B249;2025-07-20;1;4.963
6C4F278C0ADEAE11BE2110650500E35A;B0BDDED34CC83E11052F6792C000B249;2025-07-18;4;35.677
6DAF8A5FC0CAED11A62CD892C0003F2A;B0BDDED34CC83E11052F6792C000B249;2025-07-12;1;7.310
6E0AD041989D7E110819BB65050039AA;B0BDDED34CC83E11052F6792C000B249;2025-07-14;1;9.290
6E679C94F40ADE11406610650500F14A;B0BDDED34CC83E11052F6792C000B249;2025-07-15;6;27.677
6EBD163D977CDE11406610650500454A;B0BDDED34CC83E11052F6792C000B249;2025-07-06;1;4.071
6ED8E69FDAC2DE11ADB3106505006EB8;B0BDDED34CC83E11052F6792C000B249;2025-07-14;1;4.839
6F1F795CD0CAED11A62CD892C0003F2A;B0BDDED34CC83E11052F6792C000B249;2025-07-03;1;9.226
6FE3010A42708E110819BB65050039AA;B0BDDED34CC83E11052F6792C000B249;2025-07-13;1;8.154
6FE9E56EED71FE1191EE10650500CBB9;B0BDDED34CC83E11052F6792C000B249;2025-07-29;1;7.133
6FF7EF9EA8138E110223BB6505005BAA;B0BDDED34CC83E11052F6792C000B249;2025-07-26;1;4.742
7012B499C46C6E11B7B78A650500BC08;B0BDDED34CC83E11052F6792C000B249;2025-07-01;1;6.522
7015C754936AAE11BE21106505003E4A;B0BDDED34CC83E11052F6792C000B249;2025-07-01;1;17.129
7025CA7F56D46E11B7B78A650500BC08;B0BDDED34CC83E11052F6792C000B249;2025-07-16;1;7.516
70F2B767A4661E1143F0668E4200EE89;B0BDDED34CC83E11052F6792C000B249;2025-07-10;1;7.692
70FE3058512ECE11ADB310650500F7B8;B0BDDED34CC83E11052F6792C000B249;2025-07-12;27;131.533
71635048B3B0EE11406610650500CA4A;B0BDDED34CC83E11052F6792C000B249;2025-07-11;1;7.548
716C36C4C0CAED11A62CD892C0003F2A;B0BDDED34CC83E11052F6792C000B249;2025-07-09;1;5.548
729DE4ACD35C3E11052F6792C000D249;B0BDDED34CC83E11052F6792C000B249;2025-07-04;1;4.567
72BE4835A869FE11128010650500E819;B0BDDED34CC83E11052F6792C000B249;2025-07-31;1;5.032
72CCC39C2BC1FE1191EE106505002CB9;B0BDDED34CC83E11052F6792C000B249;2025-07-13;1;4.484
72DA83A561106E1142D58A650500AD08;B0BDDED34CC83E11052F6792C000B249;2025-07-12;1;6.037
736438848ABAFE11128010650500E819;B0BDDED34CC83E11052F6792C000B249;2025-07-19;5;26.545
7395F55B3BD6AE11BE2110650500B94A;B0BDDED34CC83E11052F6792C000B249;2025-07-01;11;45.613
74027B803884EE11B1AD1065050008EA;B0BDDED34CC83E11052F6792C000B249;2025-07-01;1;5.375
7421D87750600F11F1557891FE69C789;B0BDDED34CC83E11052F6792C000B249;2025-07-01;6;60.238
744B672712B10F114EF7A826072BA989;B0BDDED34CC83E11052F6792C000B249;2025-07-05;1;5.581
7450B5F648A0EE11406610650500BA4A;B0BDDED34CC83E11052F6792C000B249;2025-07-21;1;7.097
745BD54551CAED11A62CD892C0003F2A;B0BDDED34CC83E11052F6792C000B249;2025-07-11;1;4.645
746DC40BBE6DFE11F1557891FE690489;B0BDDED34CC83E11052F6792C000B249;2025-07-16;1;6.355
753BF8801BA8FE11128010650500D819;B0BDDED34CC83E11052F6792C000B249;2025-07-17;1;5.000
757F32B541341E1143F0668E42008C3B;B0BDDED34CC83E11052F6792C000B249;2025-07-31;1;7.667
75EF8C7617F48E113835BB650500ADAA;B0BDDED34CC83E11052F6792C000B249;2025-07-12;1;7.143
760091487C23BE11BE2110650500695A;B0BDDED34CC83E11052F6792C000B249;2025-07-19;1;4.720
760D51FABDCFCE11ADB3106505003AB8;B0BDDED34CC83E11052F6792C000B249;2025-07-05;2;18.923
76848C99ECC65E1142D58A650500DC08;B0BDDED34CC83E11052F6792C000B249;2025-07-01;1;4.400
76D0FAA95A530E11A4A96492C00008E9;B0BDDED34CC83E11052F6792C000B249;2025-07-27;1;5.100
76DB800179DDCE11ADB31065050097B8;B0BDDED34CC83E11052F6792C000B249;2025-07-28;1;7.429
773E4EDC39667E11B7B78A650500ED08;B0BDDED34CC83E11052F6792C000B249;2025-07-10;1;7.097
77D88E73B19EBE11877210650500DF59;B0BDDED34CC83E11052F6792C000B249;2025-07-01;15;72.677
77DA4B385F6A2E11052F6792C0007F39;B0BDDED34CC83E11052F6792C000B249;2025-07-14;1;9.259
785BD54551CAED11A62CD892C0003F2A;B0BDDED34CC83E11052F6792C000B249;2025-07-05;2;10.903
788A0922FEC18E113835BB650500B9AA;B0BDDED34CC83E11052F6792C000B249;2025-07-31;9;47.806
78AB4C8642DB8E11F243BB650500724B;B0BDDED34CC83E11052F6792C000B249;2025-07-20;1;6.320
78EC8BA1DF886E11B7B78A650500BC08;B0BDDED34CC83E11052F6792C000B249;2025-07-22;3;12.241
79C19A8C87449E11554010650500ED3B;B0BDDED34CC83E11052F6792C000B249;2025-07-31;1;5.000
79C67A9CC0CAED11A62CD892C0003F2A;B0BDDED34CC83E11052F6792C000B249;2025-07-26;2;9.222
79D1419F90F23E11052F6792C000CF39;B0BDDED34CC83E11052F6792C000B249;2025-07-03;1;4.516
79E6175A25570E11A4A96492C000EC6A;B0BDDED34CC83E11052F6792C000B249;2025-07-06;1;24.677
7A0F7C972D9EFE11F1557891FE698589;B0BDDED34CC83E11052F6792C000B249;2025-07-02;2;8.571
7AB0B18967730F1158A3BB3DBE8EEB89;B0BDDED34CC83E11052F6792C000B249;2025-07-16;1;9.259
7ADCB0AF7068FE11128010650500D819;B0BDDED34CC83E11052F6792C000B249;2025-07-31;3;18.258
7B4BCFB931CAED11A62CD892C0003F2A;B0BDDED34CC83E11052F6792C000B249;2025-07-12;1;4.750
7B74C76F33983E11052F6792C000B249;B0BDDED34CC83E11052F6792C000B249;2025-07-15;2;11.536
7BFF0450D0CAED11A62CD892C0003F2A;B0BDDED34CC83E11052F6792C000B249;2025-07-05;1;11.273
7C33A200FFAFFE11F1557891FE69E689;B0BDDED34CC83E11052F6792C000B249;2025-07-20;1;5.724
7C439A624F49AE11BE2110650500DC4A;B0BDDED34CC83E11052F6792C000B249;2025-07-01;3;16.194
7CF74A7B0321DE11ADB3106505003CB8;B0BDDED34CC83E11052F6792C000B249;2025-07-01;9;54.692
7D12823DE5E2DE11ADB3106505008EB8;B0BDDED34CC83E11052F6792C000B249;2025-07-02;1;7.440
7D4AA3ABECC65E1142D58A650500DC08;B0BDDED34CC83E11052F6792C000B249;2025-07-10;1;4.818
7D6FB9B5BB363E11052F6792C000FF39;B0BDDED34CC83E11052F6792C000B249;2025-07-11;1;7.526
7D720C30D7F20F114EF7A826072B4B89;B0BDDED34CC83E11052F6792C000B249;2025-07-31;1;4.071
7D88024E31CAED11A62CD892C0003F2A;B0BDDED34CC83E11052F6792C000B249;2025-07-11;1;4.917
7DD731B28CA4DE11ADB310650500E0C8;B0BDDED34CC83E11052F6792C000B249;2025-07-19;1;8.677
7E81D42FA83EFE11F1557891FE690589;B0BDDED34CC83E11052F6792C000B249;2025-07-02;1;6.290
7EE3601CEFF67E11B7B78A650500ED08;B0BDDED34CC83E11052F6792C000B249;2025-07-05;2;9.645
7F96B7DB01CAED11A62CD892C0003F2A;B0BDDED34CC83E11052F6792C000B249;2025-07-19;1;7.828
7FA8FA5B3B158E113835BB650500DDAA;B0BDDED34CC83E11052F6792C000B249;2025-07-29;1;6.226
801630879AE10F114EF7A826072BE989;B0BDDED34CC83E11052F6792C000B249;2025-07-09;1;4.720
8033F6C2D74CDE11406610650500054A;B0BDDED34CC83E11052F6792C000B249;2025-07-24;5;20.920
805624C4ACB04E1142D58A650500DB08;B0BDDED34CC83E11052F6792C000B249;2025-07-29;1;5.000
80B12581E983DE11ADB3106505005FB8;B0BDDED34CC83E11052F6792C000B249;2025-07-13;1;12.000
80F3A378A4170E11A4A96492C000EC6A;B0BDDED34CC83E11052F6792C000B249;2025-07-10;4;16.452
8152B5B71726EE1191EE10650500C5B9;B0BDDED34CC83E11052F6792C000B249;2025-07-01;1;6.897
8179918DA8B4DE11ADB310650500F0C8;B0BDDED34CC83E11052F6792C000B249;2025-07-01;2;8.903
81CF5FCF20CAED11A62CD892C0003F2A;B0BDDED34CC83E11052F6792C000B249;2025-07-20;2;9.290
826679773F765E1142D58A650500DC08;B0BDDED34CC83E11052F6792C000B249;2025-07-01;1;4.529
82E294B85F54DE11ADB31065050080C8;B0BDDED34CC83E11052F6792C000B249;2025-07-01;3;14.387
8313C334BD2ECE11ADB31065050008B8;B0BDDED34CC83E11052F6792C000B249;2025-07-08;4;18.100
8369C3C571920E11A4A96492C00008E9;B0BDDED34CC83E11052F6792C000B249;2025-07-19;1;4.529
8397BF6A01CAED11A62CD892C0003F2A;B0BDDED34CC83E11052F6792C000B249;2025-07-09;3;12.867
83A6F9A48836CE11ADB3106505008DA8;B0BDDED34CC83E11052F6792C000B249;2025-07-20;1;7.323
83CC305578C1FE1191EE106505002CB9;B0BDDED34CC83E11052F6792C000B249;2025-07-01;2;9.323
83DF8C422E4FBE11877210650500C069;B0BDDED34CC83E11052F6792C000B249;2025-07-22;1;4.484
83E9C4A5ADECFE11F1557891FE696389;B0BDDED34CC83E11052F6792C000B249;2025-07-13;1;4.130
8485F319FC8FCE11ADB310650500E9B8;B0BDDED34CC83E11052F6792C000B249;2025-07-22;4;22.300
86004D8311CAED11A62CD892C0003F2A;B0BDDED34CC83E11052F6792C000B249;2025-07-07;1;7.160
8625FEB90424EE11B1AD1065050087EA;B0BDDED34CC83E11052F6792C000B249;2025-07-08;1;6.043
868714E9CC3FFE11F1557891FE695689;B0BDDED34CC83E11052F6792C000B249;2025-07-01;1;17.226
87157365F6550F114EF7A826072B4E89;B0BDDED34CC83E11052F6792C000B249;2025-07-25;1;4.154
87AF8A5FC0CAED11A62CD892C0003F2A;B0BDDED34CC83E11052F6792C000B249;2025-07-04;2;8.963
87B995D2BC1EFE11F1557891FE69E489;B0BDDED34CC83E11052F6792C000B249;2025-07-16;1;6.310
87C844D3D0CAED11A62CD892C0003F2A;B0BDDED34CC83E11052F6792C000B249;2025-07-13;1;7.652
8804974504430F114EF7A826072BAB89;B0BDDED34CC83E11052F6792C000B249;2025-07-01;1;6.818
88C401993D8F2E11052F6792C000CF39;B0BDDED34CC83E11052F6792C000B249;2025-07-29;1;5.323
8922AE49F1521E1143F0668E42008C3B;B0BDDED34CC83E11052F6792C000B249;2025-07-01;1;5.419
8928ED19CC8EFE11F1557891FE697589;B0BDDED34CC83E11052F6792C000B249;2025-07-22;2;9.821
89339619CC596E11B7B78A650500BC08;B0BDDED34CC83E11052F6792C000B249;2025-07-05;1;5.182
898318D5E25E3E11052F6792C000D249;B0BDDED34CC83E11052F6792C000B249;2025-07-20;1;4.290
89EEAF964D7F8E11F243BB650500A74B;B0BDDED34CC83E11052F6792C000B249;2025-07-28;1;5.710
8A1F57B30D3C5E1142D58A6505000D08;B0BDDED34CC83E11052F6792C000B249;2025-07-09;6;25.323
8A2630879AE10F114EF7A826072BE989;B0BDDED34CC83E11052F6792C000B249;2025-07-31;2;8.935
8A85E00FA347DE11C846106505007F6A;B0BDDED34CC83E11052F6792C000B249;2025-07-05;3;13.097
8AE33C662558CE11ADB31065050030B8;B0BDDED34CC83E11052F6792C000B249;2025-07-01;3;12.097
8B05BDD29C8DED11A62CD892C0003F2A;B0BDDED34CC83E11052F6792C000B249;2025-07-13;1;5.419
8B22C2BEDFF0AE117260106505001F4A;B0BDDED34CC83E11052F6792C000B249;2025-07-06;1;5.935
8B247AC845B4DE11ADB310650500F0C8;B0BDDED34CC83E11052F6792C000B249;2025-07-08;1;7.688
8BBABC054FE3DE11ADB310650500DFB8;B0BDDED34CC83E11052F6792C000B249;2025-07-11;1;5.483
8BED8D0E0E809E11F243BB650500094B;B0BDDED34CC83E11052F6792C000B249;2025-07-06;1;6.806
8BF2753CEF574E1142D58A6505002C08;B0BDDED34CC83E11052F6792C000B249;2025-07-01;1;9.129
8C03F11A4094DE11ADB310650500C0C8;B0BDDED34CC83E11052F6792C000B249;2025-07-02;3;13.613
8C873E2813844E1142D58A6505002C08;B0BDDED34CC83E11052F6792C000B249;2025-07-01;1;6.065
8C9824D254A27E11B7B78A650500DD08;B0BDDED34CC83E11052F6792C000B249;2025-07-02;2;9.964
8D985F380D8FCE11ADB310650500E9B8;B0BDDED34CC83E11052F6792C000B249;2025-07-20;5;21.581
8DB6F63880B2CE118772106505001569;B0BDDED34CC83E11052F6792C000B249;2025-07-27;1;4.677
8DCD833929EEFE11F1557891FE69E589;B0BDDED34CC83E11052F6792C000B249;2025-07-03;1;6.241
8DE9E75B2FF8AE11BE21106505007C4A;B0BDDED34CC83E11052F6792C000B249;2025-07-09;1;5.000
8E4181F2C4FD5E1142D58A6505002D08;B0BDDED34CC83E11052F6792C000B249;2025-07-13;1;6.161
8E4BCFB931CAED11A62CD892C0003F2A;B0BDDED34CC83E11052F6792C000B249;2025-07-13;3;14.519
8E6E948E05B4DE11ADB310650500F0C8;B0BDDED34CC83E11052F6792C000B249;2025-07-01;3;12.516
8F14FA47EBF22E1143F0668E4200C71A;B0BDDED34CC83E11052F6792C000B249;2025-07-01;1;4.192
8F55362CDF7EFE11F1557891FE696589;B0BDDED34CC83E11052F6792C000B249;2025-07-16;1;4.258
8FB3EB21069CEE1191EE1065050029B9;B0BDDED34CC83E11052F6792C000B249;2025-07-21;1;4.290
8FBE944DE2DFEE1191EE10650500A9B9;B0BDDED34CC83E11052F6792C000B249;2025-07-26;1;5.871
90384A7B0321DE11ADB3106505003CB8;B0BDDED34CC83E11052F6792C000B249;2025-07-17;1;5.903
905E070584AE9E117260106505001C4A;B0BDDED34CC83E11052F6792C000B249;2025-07-10;1;26.333
90E9236D2640FE1191EE106505003AB9;B0BDDED34CC83E11052F6792C000B249;2025-07-01;3;58.226
91130EC80E907E11B7B78A650500CD08;B0BDDED34CC83E11052F6792C000B249;2025-07-17;2;9.452
9118A63AB78DBE118772106505008E59;B0BDDED34CC83E11052F6792C000B249;2025-07-12;4;19.034
911EDF3CEB5F7E110819BB65050039AA;B0BDDED34CC83E11052F6792C000B249;2025-07-12;2;10.871
920B7F2413001E1143F0668E42007A39;B0BDDED34CC83E11052F6792C000B249;2025-07-01;1;6.194
924E98BA2B9FFE11F1557891FE69C689;B0BDDED34CC83E11052F6792C000B249;2025-07-28;1;4.581
9299CC57FAC1FE1191EE106505002CB9;B0BDDED34CC83E11052F6792C000B249;2025-07-01;1;4.774
929C06DC8F440F114EF7A826072BFC89;B0BDDED34CC83E11052F6792C000B249;2025-07-31;2;9.267
934285D780B2CE118772106505001569;B0BDDED34CC83E11052F6792C000B249;2025-07-29;1;6.839
93A6B7DB01CAED11A62CD892C0003F2A;B0BDDED34CC83E11052F6792C000B249;2025-07-01;1;6.160
9430B1FCF502EE114066106505008C4A;B0BDDED34CC83E11052F6792C000B249;2025-07-27;1;6.045
946CFC3DA4A27E11B7B78A650500DD08;B0BDDED34CC83E11052F6792C000B249;2025-07-25;2;11.684
94CF5FCF20CAED11A62CD892C0003F2A;B0BDDED34CC83E11052F6792C000B249;2025-07-05;7;29.839
94F2FE2533327E11B7B78A650500CD08;B0BDDED34CC83E11052F6792C000B249;2025-07-01;1;5.806
9564195612867E11B7B78A650500ED08;B0BDDED34CC83E11052F6792C000B249;2025-07-30;1;4.323
95F2F3F1608E1E1143F0668E4200502B;B0BDDED34CC83E11052F6792C000B249;2025-07-25;1;5.269
960CC5AFED71FE1191EE10650500CBB9;B0BDDED34CC83E11052F6792C000B249;2025-07-26;1;4.161
964B0581E7E97E110819BB65050019AA;B0BDDED34CC83E11052F6792C000B249;2025-07-01;1;7.538
9669C44B146B3E11052F6792C000D249;B0BDDED34CC83E11052F6792C000B249;2025-07-06;1;4.333
9697BF6A01CAED11A62CD892C0003F2A;B0BDDED34CC83E11052F6792C000B249;2025-07-17;1;6.677
96DED9DE90CAED11A62CD892C0003F2A;B0BDDED34CC83E11052F6792C000B249;2025-07-07;1;6.042
97295CC2ECD4DE11ADB31065050021C8;B0BDDED34CC83E11052F6792C000B249;2025-07-10;1;4.640
972AAD62F1CAED11A62CD892C0003F2A;B0BDDED34CC83E11052F6792C000B249;2025-07-01;1;11.903
97419871AED4EE11B1AD1065050078EA;B0BDDED34CC83E11052F6792C000B249;2025-07-08;3;13.321
97679C8AEAB4EE11B1AD1065050048EA;B0BDDED34CC83E11052F6792C000B249;2025-07-19;1;12.000
9808BAC434D04E1142D58A650500DB08;B0BDDED34CC83E11052F6792C000B249;2025-07-07;2;12.000
982950A3AA187E110819BB65050009AA;B0BDDED34CC83E11052F6792C000B249;2025-07-11;4;19.792
98C9CF7E10439E115540106505009C3B;B0BDDED34CC83E11052F6792C000B249;2025-07-27;2;12.964
98DD0C3751CAED11A62CD892C0003F2A;B0BDDED34CC83E11052F6792C000B249;2025-07-01;1;4.889
98F7BC6AD0412E1143F0668E4200C71A;B0BDDED34CC83E11052F6792C000B249;2025-07-01;1;4.938
99CBACC7B5DD2E11052F6792C000CF39;B0BDDED34CC83E11052F6792C000B249;2025-07-01;1;8.290
99F93D269FAF5E1142D58A650500AD08;B0BDDED34CC83E11052F6792C000B249;2025-07-03;3;13.111
9A3F0929B2EF2E11052F6792C000CF39;B0BDDED34CC83E11052F6792C000B249;2025-07-22;1;4.433
9A7F0B3E46E24E1142D58A6505000C08;B0BDDED34CC83E11052F6792C000B249;2025-07-29;1;6.484
9AFC45B292EE4E1142D58A650500BC08;B0BDDED34CC83E11052F6792C000B249;2025-07-12;2;9.500
9B36CDE2311EAE11BE2110650500E25A;B0BDDED34CC83E11052F6792C000B249;2025-07-10;1;6.194
9B9CA03B811ADE11406610650500024A;B0BDDED34CC83E11052F6792C000B249;2025-07-26;1;4.452
9BDB5CA665E0EE114066106505000B4A;B0BDDED34CC83E11052F6792C000B249;2025-07-11;2;10.065
9BFF0450D0CAED11A62CD892C0003F2A;B0BDDED34CC83E11052F6792C000B249;2025-07-09;1;7.964
9C4FFDF7EB23FE1191EE10650500FDB9;B0BDDED34CC83E11052F6792C000B249;2025-07-01;1;5.613
9D1E16120405DE11ADB31065050051C8;B0BDDED34CC83E11052F6792C000B249;2025-07-28;1;5.786
9DB4568D2726EE1191EE10650500C5B9;B0BDDED34CC83E11052F6792C000B249;2025-07-12;2;11.161
9DEBE596FB913E11052F6792C000CF39;B0BDDED34CC83E11052F6792C000B249;2025-07-23;1;8.000
9E54CA91478B3E11052F6792C000D249;B0BDDED34CC83E11052F6792C000B249;2025-07-06;1;6.000
9EA5E4036085FD110DC22A92C000D158;B0BDDED34CC83E11052F6792C000B249;2025-07-20;1;8.452
9EDF431BDDEABE118772106505003B59;B0BDDED34CC83E11052F6792C000B249;2025-07-08;3;15.774
9F0B74D7D0CAED11A62CD892C0003F2A;B0BDDED34CC83E11052F6792C000B249;2025-07-10;1;5.600
9F2129BDF215EE11B1AD10650500B8EA;B0BDDED34CC83E11052F6792C000B249;2025-07-31;1;4.290
9F4155F3AF406E1142D58A650500AD08;B0BDDED34CC83E11052F6792C000B249;2025-07-31;1;5.200
9F65FA2BFB5CCE11ADB31065050095B8;B0BDDED34CC83E11052F6792C000B249;2025-07-01;1;4.700
9F6D0F4C8EA3FD110DC22A92C000C499;B0BDDED34CC83E11052F6792C000B249;2025-07-15;2;9.000
9F8F628AEC738E117E64BB650500CBAA;B0BDDED34CC83E11052F6792C000B249;2025-07-07;2;8.533
9F96B7DB01CAED11A62CD892C0003F2A;B0BDDED34CC83E11052F6792C000B249;2025-07-23;2;9.097
9FB7B7D69C415E1142D58A650500BC08;B0BDDED34CC83E11052F6792C000B249;2025-07-19;1;4.526
9FDA14911253FE1191EE106505002EB9;B0BDDED34CC83E11052F6792C000B249;2025-07-14;2;10.097
A05BCFB931CAED11A62CD892C0003F2A;B0BDDED34CC83E11052F6792C000B249;2025-07-16;2;10.875
A0C1B01B55B4DE11ADB310650500F0C8;B0BDDED34CC83E11052F6792C000B249;2025-07-01;1;14.065
A0CF163511B10F114EF7A826072BA989;B0BDDED34CC83E11052F6792C000B249;2025-07-06;1;6.419
A0D42E8FC1CAED11A62CD892C0003F2A;B0BDDED34CC83E11052F6792C000B249;2025-07-24;1;5.071
A0D516965B757E11B7B78A650500ED08;B0BDDED34CC83E11052F6792C000B249;2025-07-15;1;4.226
A124E50E08449E11554010650500ED3B;B0BDDED34CC83E11052F6792C000B249;2025-07-01;2;16.258
A152520AE0B0EE11406610650500CA4A;B0BDDED34CC83E11052F6792C000B249;2025-07-25;1;7.103
A1592EF5F6E89E11525010650500694A;B0BDDED34CC83E11052F6792C000B249;2025-07-07;1;8.000
A18750AE8222AE11726010650500805A;B0BDDED34CC83E11052F6792C000B249;2025-07-01;1;5.100
A1A949A50FBBEE1191EE1065050029B9;B0BDDED34CC83E11052F6792C000B249;2025-07-19;2;10.161
A1B14DE43B73CE118772106505001669;B0BDDED34CC83E11052F6792C000B249;2025-07-12;1;5.958
A1BF291C7A278E11F243BB6505008C3B;B0BDDED34CC83E11052F6792C000B249;2025-07-05;14;61.192
A1D4DEE4F630EE114066106505002A4A;B0BDDED34CC83E11052F6792C000B249;2025-07-17;1;5.613
A2404E00B0CAED11A62CD892C0003F2A;B0BDDED34CC83E11052F6792C000B249;2025-07-07;5;22.613
A290F699F7BAFE11128010650500E819;B0BDDED34CC83E11052F6792C000B249;2025-07-21;2;8.957
A297BF6A01CAED11A62CD892C0003F2A;B0BDDED34CC83E11052F6792C000B249;2025-07-13;1;5.000
A2DD54E5D0CAED11A62CD892C0003F2A;B0BDDED34CC83E11052F6792C000B249;2025-07-01;1;4.968
A3E510C0DE2DBE118772106505001E59;B0BDDED34CC83E11052F6792C000B249;2025-07-23;7;28.323
A41983C9FCFF6E11B7B78A650500CD08;B0BDDED34CC83E11052F6792C000B249;2025-07-30;2;8.742
A4C2358232B72E11052F6792C0007F39;B0BDDED34CC83E11052F6792C000B249;2025-07-01;4;16.179
A50E8EA6F352BE11BE2110650500585A;B0BDDED34CC83E11052F6792C000B249;2025-07-28;1;7.067
A538D6B98D889E11525010650500F84A;B0BDDED34CC83E11052F6792C000B249;2025-07-21;1;4.567
A5913E3A9ED4EE11B1AD1065050078EA;B0BDDED34CC83E11052F6792C000B249;2025-07-09;3;12.889
A5F63FAA77018E110819BB65050039AA;B0BDDED34CC83E11052F6792C000B249;2025-07-01;5;23.226
A6004D8311CAED11A62CD892C0003F2A;B0BDDED34CC83E11052F6792C000B249;2025-07-13;1;4.484
A63A69923B1DCE11ADB31065050096B8;B0BDDED34CC83E11052F6792C000B249;2025-07-02;2;10.903
A6FDC45E3142CE118772106505008469;B0BDDED34CC83E11052F6792C000B249;2025-07-13;3;20.966
A708ECF9F38D4E1142D58A650500BC08;B0BDDED34CC83E11052F6792C000B249;2025-07-29;2;11.871
A7218C1035B4DE11ADB310650500F0C8;B0BDDED34CC83E11052F6792C000B249;2025-07-14;3;12.125
A77672B42AA5FE1191EE1065050041C9;B0BDDED34CC83E11052F6792C000B249;2025-07-08;1;4.161
A79BADAE35AE4E1142D58A650500BC08;B0BDDED34CC83E11052F6792C000B249;2025-07-20;1;7.968
A82D1E8C65B4DE11ADB310650500F0C8;B0BDDED34CC83E11052F6792C000B249;2025-07-23;1;10.478
A87DFEEE1BDF8E11F243BB650500284B;B0BDDED34CC83E11052F6792C000B249;2025-07-31;1;4.935
A8AE11171F27EE1191EE10650500C6B9;B0BDDED34CC83E11052F6792C000B249;2025-07-11;1;4.522
A8AFE28FD0CAED11A62CD892C0003F2A;B0BDDED34CC83E11052F6792C000B249;2025-07-13;1;4.419
A8CE8753F0CAED11A62CD892C0003F2A;B0BDDED34CC83E11052F6792C000B249;2025-07-23;1;4.258
A958C276BA4A7E110819BB65050039AA;B0BDDED34CC83E11052F6792C000B249;2025-07-10;1;4.727
A97A5FA5CB427E11B7B78A650500CD08;B0BDDED34CC83E11052F6792C000B249;2025-07-01;1;4.429
A985BB7287C23E11052F6792C000CF39;B0BDDED34CC83E11052F6792C000B249;2025-07-01;4;17.000
A9F437252432CE118772106505007469;B0BDDED34CC83E11052F6792C000B249;2025-07-01;5.60;24.174
AA06A9F76547EE1191EE10650500E6B9;B0BDDED34CC83E11052F6792C000B249;2025-07-01;1;5.258
AA3157C63E000E11A4A96492C0002019;B0BDDED34CC83E11052F6792C000B249;2025-07-01;1;4.806
AA521F6D36F6FD110DC22A92C000D158;B0BDDED34CC83E11052F6792C000B249;2025-07-11;2;10.000
AA763AFF22525E1142D58A650500DC08;B0BDDED34CC83E11052F6792C000B249;2025-07-03;1;6.920
AB05CAAB58DD4E1142D58A650500BC08;B0BDDED34CC83E11052F6792C000B249;2025-07-20;1;5.710
AB4F278C0ADEAE11BE2110650500E35A;B0BDDED34CC83E11052F6792C000B249;2025-07-19;4;27.645
AB7B1593B0A68E11F243BB650500DB3B;B0BDDED34CC83E11052F6792C000B249;2025-07-19;5;22.935
ABAD621652EB0E11A4A96492C0001269;B0BDDED34CC83E11052F6792C000B249;2025-07-11;1;5.833
AC0ECEF0EC065E1142D58A650500DC08;B0BDDED34CC83E11052F6792C000B249;2025-07-22;168;747.419
AC470B4A587CDE11406610650500454A;B0BDDED34CC83E11052F6792C000B249;2025-07-29;1;7.839
AC6F9E27C47D8E11F243BB650500154B;B0BDDED34CC83E11052F6792C000B249;2025-07-09;1;6.194
AC734C6AEC96BE11877210650500B559;B0BDDED34CC83E11052F6792C000B249;2025-07-21;1;5.968
AC85E63905EB4E1142D58A6505009C08;B0BDDED34CC83E11052F6792C000B249;2025-07-08;1;5.107
ACC27A7E2D6C0E11A4A96492C0001269;B0BDDED34CC83E11052F6792C000B249;2025-07-14;1;4.226
AD872C5E0354DE11ADB31065050070C8;B0BDDED34CC83E11052F6792C000B249;2025-07-19;1;5.179
AD8FC812365FFE11F1557891FE697689;B0BDDED34CC83E11052F6792C000B249;2025-07-14;3;12.696
ADC72C5235B4DE11ADB310650500F0C8;B0BDDED34CC83E11052F6792C000B249;2025-07-24;1;7.852
AE12452A3E263E11052F6792C000FF39;B0BDDED34CC83E11052F6792C000B249;2025-07-11;1;4.286
AE7584ED9A935E1142D58A650500DC08;B0BDDED34CC83E11052F6792C000B249;2025-07-15;1;4.700
AEDCC768C4BC3E11052F6792C000D249;B0BDDED34CC83E11052F6792C000B249;2025-07-14;1;5.065
AEDF67094AFEDE11406610650500984A;B0BDDED34CC83E11052F6792C000B249;2025-07-30;1;10.710
AF4BCFB931CAED11A62CD892C0003F2A;B0BDDED34CC83E11052F6792C000B249;2025-07-14;1;6.933
AF97BF35F7EDDE11406610650500174A;B0BDDED34CC83E11052F6792C000B249;2025-07-01;1;4.083
AFD20C1F21CAED11A62CD892C0003F2A;B0BDDED34CC83E11052F6792C000B249;2025-07-01;1;8.435
B0918DE526257E11B7B78A650500ED08;B0BDDED34CC83E11052F6792C000B249;2025-07-01;1;5.613
B0A6B7DB01CAED11A62CD892C0003F2A;B0BDDED34CC83E11052F6792C000B249;2025-07-05;1;7.839
B130B6E525B4DE11ADB310650500F0C8;B0BDDED34CC83E11052F6792C000B249;2025-07-08;2;12.000
B172F374A56DFD11A4A96492C000CB59;B0BDDED34CC83E11052F6792C000B249;2025-07-19;1;6.581
B173426085FEFE11F1557891FE69F589;B0BDDED34CC83E11052F6792C000B249;2025-07-21;1;5.286
B186BFB5F8F34E1142D58A6505002C08;B0BDDED34CC83E11052F6792C000B249;2025-07-01;1;4.226
B1E0BA67146B3E11052F6792C000D249;B0BDDED34CC83E11052F6792C000B249;2025-07-02;3;19.259
B21FD31D3F00EE11406610650500F94A;B0BDDED34CC83E11052F6792C000B249;2025-07-24;8;36.871
B22512F5B596DE11ADB31065050053C8;B0BDDED34CC83E11052F6792C000B249;2025-07-10;1;4.909
B25BC1E1D0CAED11A62CD892C0003F2A;B0BDDED34CC83E11052F6792C000B249;2025-07-11;1;6.625
B30385B9A46C6E11B7B78A650500BC08;B0BDDED34CC83E11052F6792C000B249;2025-07-10;1;6.387
B320D83931CAED11A62CD892C0003F2A;B0BDDED34CC83E11052F6792C000B249;2025-07-12;1;4.179
B387258D70C5EE1191EE1065050045B9;B0BDDED34CC83E11052F6792C000B249;2025-07-16;2;12.677
B3B082A3041FEE1191EE1065050029B9;B0BDDED34CC83E11052F6792C000B249;2025-07-15;1;4.065
B3E1CFB474EE4E1142D58A650500BC08;B0BDDED34CC83E11052F6792C000B249;2025-07-13;1;4.258
B42D38801C00CE11877210650500B169;B0BDDED34CC83E11052F6792C000B249;2025-07-01;1;6.290
B52F235F27F8FE11128010650500D819;B0BDDED34CC83E11052F6792C000B249;2025-07-31;1;4.548
B57CF84210EFAE11BE2110650500355A;B0BDDED34CC83E11052F6792C000B249;2025-07-03;1;6.125
B5B512A8DC2ECE11ADB31065050008B8;B0BDDED34CC83E11052F6792C000B249;2025-07-06;2;10.250
B5CE98BA2B9FFE11F1557891FE69C689;B0BDDED34CC83E11052F6792C000B249;2025-07-01;1;6.600
B63A4B7B00A0CE118772106505007269;B0BDDED34CC83E11052F6792C000B249;2025-07-16;2;46.667
B6704D8DFE8C7E110819BB65050039AA;B0BDDED34CC83E11052F6792C000B249;2025-07-16;2;14.613
B685CF0302CAED11A62CD892C0003F2A;B0BDDED34CC83E11052F6792C000B249;2025-07-29;2;9.677
B6A9116E2D839E11554010650500FC3B;B0BDDED34CC83E11052F6792C000B249;2025-07-31;1;7.710
B6D475A63E040F114EF7A826072BAC89;B0BDDED34CC83E11052F6792C000B249;2025-07-01;1;7.577
B6D645B0AE6E8E11F243BB650500564B;B0BDDED34CC83E11052F6792C000B249;2025-07-01;2;8.458
B77061CD2D86FE1191EE1065050062C9;B0BDDED34CC83E11052F6792C000B249;2025-07-01;1;19.161
B816285AA44FDE11406610650500F84A;B0BDDED34CC83E11052F6792C000B249;2025-07-18;2;10.111
B8549C2DC0CAED11A62CD892C0003F2A;B0BDDED34CC83E11052F6792C000B249;2025-07-01;3;12.516
B85B9B4990CAED11A62CD892C0003F2A;B0BDDED34CC83E11052F6792C000B249;2025-07-01;3;13.742
B92E96F204716E1142D58A650500AD08;B0BDDED34CC83E11052F6792C000B249;2025-07-30;1;4.613
B9491FE230DEFE11F1557891FE69C589;B0BDDED34CC83E11052F6792C000B249;2025-07-07;8;37.484
B975424700B3FD110DC22A92C000C499;B0BDDED34CC83E11052F6792C000B249;2025-07-17;1;6.200
B98F722FAA8EDE11406610650500084A;B0BDDED34CC83E11052F6792C000B249;2025-07-06;3;12.484
B9956F1BCED4DE11ADB31065050021C8;B0BDDED34CC83E11052F6792C000B249;2025-07-19;1;4.484
B9F96F19CDF39E115540106505008D3B;B0BDDED34CC83E11052F6792C000B249;2025-07-01;1;5.882
BA2E521F8C78CE11ADB31065050060B8;B0BDDED34CC83E11052F6792C000B249;2025-07-07;4;19.935
BA4C4B91C46C6E11B7B78A650500BC08;B0BDDED34CC83E11052F6792C000B249;2025-07-01;2;14.000
BA638859221DEE1191EE1065050029B9;B0BDDED34CC83E11052F6792C000B249;2025-07-07;2;9.194
BAB5D848B1BBEE1191EE1065050029B9;B0BDDED34CC83E11052F6792C000B249;2025-07-14;2;11.548
BACD759B6946DE11ADB310650500F2C8;B0BDDED34CC83E11052F6792C000B249;2025-07-30;1;5.323
BB0392FD0616CE11ADB3106505007DA8;B0BDDED34CC83E11052F6792C000B249;2025-07-14;1;4.419
BB0FA3470C7DFE1158A3BB3DBE8E1489;B0BDDED34CC83E11052F6792C000B249;2025-07-17;3;12.682
BB3E61227E48DE11C84610650500C07A;B0BDDED34CC83E11052F6792C000B249;2025-07-03;3;22.500
BBD4185A5DBBEE1191EE1065050029B9;B0BDDED34CC83E11052F6792C000B249;2025-07-02;1;5.258
BBF338848ABAFE11128010650500E819;B0BDDED34CC83E11052F6792C000B249;2025-07-24;2;8.375
BC296445F0CAED11A62CD892C0003F2A;B0BDDED34CC83E11052F6792C000B249;2025-07-07;1;5.839
BC670700E0CAED11A62CD892C0003F2A;B0BDDED34CC83E11052F6792C000B249;2025-07-09;1;6.926
BC9C530E8FCA9E11525010650500EB4A;B0BDDED34CC83E11052F6792C000B249;2025-07-20;3;17.690
BCA9CF4E6BBD3E11052F6792C000D249;B0BDDED34CC83E11052F6792C000B249;2025-07-01;1;4.097
BCB929F363A0FD11A62CD892C000499B;B0BDDED34CC83E11052F6792C000B249;2025-07-05;1;4.742
BCDB9CDFCD00EE11406610650500F94A;B0BDDED34CC83E11052F6792C000B249;2025-07-01;1;21.129
BCFE1D61769C9E11726010650500694A;B0BDDED34CC83E11052F6792C000B249;2025-07-09;4;20.524
BD1957F1E0CAED11A62CD892C0003F2A;B0BDDED34CC83E11052F6792C000B249;2025-07-17;1;5.640
BE5D134965B4DE11ADB310650500F0C8;B0BDDED34CC83E11052F6792C000B249;2025-07-01;1;5.290
BE6785D8D0CAED11A62CD892C0003F2A;B0BDDED34CC83E11052F6792C000B249;2025-07-12;2;10.724
BE6FB9B5BB363E11052F6792C000FF39;B0BDDED34CC83E11052F6792C000B249;2025-07-20;2;10.000
BE7F13DEE2E3DE11ADB310650500CFB8;B0BDDED34CC83E11052F6792C000B249;2025-07-20;1;6.645
BEF77071BCACEE1191EE1065050029B9;B0BDDED34CC83E11052F6792C000B249;2025-07-05;1;4.250
BF1AD9D6D0CAED11A62CD892C0003F2A;B0BDDED34CC83E11052F6792C000B249;2025-07-01;2;8.273
BF259E3FF0410F11112A674AC7E20989;B0BDDED34CC83E11052F6792C000B249;2025-07-03;1;4.367
BF6E6FD0C7788E11F243BB6505002E3B;B0BDDED34CC83E11052F6792C000B249;2025-07-29;1;5.032
BF87027411CAED11A62CD892C0003F2A;B0BDDED34CC83E11052F6792C000B249;2025-07-19;1;5.167
BF9C6C2CFE163E11052F6792C000FF39;B0BDDED34CC83E11052F6792C000B249;2025-07-20;3;17.391
BFAD595CE1C67E11B7B78A650500ED08;B0BDDED34CC83E11052F6792C000B249;2025-07-22;1;4.967
BFD000CE02192E11052F6792C0007F39;B0BDDED34CC83E11052F6792C000B249;2025-07-14;2;11.138
BFF594A2A3735E1142D58A650500DC08;B0BDDED34CC83E11052F6792C000B249;2025-07-12;3;17.645
C0911F2288138E110223BB6505005BAA;B0BDDED34CC83E11052F6792C000B249;2025-07-20;1;6.710
C0E6CCC2BA4EDE11406610650500B74A;B0BDDED34CC83E11052F6792C000B249;2025-07-04;2;10.516
C14E6B0BCED4DE11ADB31065050021C8;B0BDDED34CC83E11052F6792C000B249;2025-07-20;1;4.387
C192FB7618F5BE11877210650500E459;B0BDDED34CC83E11052F6792C000B249;2025-07-09;1;4.097
C1D32BDCFFAEDE11406610650500384A;B0BDDED34CC83E11052F6792C000B249;2025-07-01;28;119.194
C1D8EA98F0CAED11A62CD892C0003F2A;B0BDDED34CC83E11052F6792C000B249;2025-07-02;8;33.290
C262E539F1047E11B7B78A650500DD08;B0BDDED34CC83E11052F6792C000B249;2025-07-19;1;5.107
C297BF6A01CAED11A62CD892C0003F2A;B0BDDED34CC83E11052F6792C000B249;2025-07-13;2;12.806
C35289756077FE1191EE1065050093C9;B0BDDED34CC83E11052F6792C000B249;2025-07-06;1;5.818
C3F1950C86730F1158A3BB3DBE8EEB89;B0BDDED34CC83E11052F6792C000B249;2025-07-22;1;6.742
C4286DD7F5497E110819BB65050009AA;B0BDDED34CC83E11052F6792C000B249;2025-07-27;2;10.852
C4E9631F9CDFCE11ADB3106505005AB8;B0BDDED34CC83E11052F6792C000B249;2025-07-10;2;8.577
C55AC83F914E0E1143F0668E42001D49;B0BDDED34CC83E11052F6792C000B249;2025-07-18;1;5.400
C5917AB011CAED11A62CD892C0003F2A;B0BDDED34CC83E11052F6792C000B249;2025-07-04;2;8.484
C5DCAB1D719EBE11877210650500DF59;B0BDDED34CC83E11052F6792C000B249;2025-07-30;13;53.129
C5F10FA30C229E115540106505003B3B;B0BDDED34CC83E11052F6792C000B249;2025-07-17;1;5.065
C5F5A0E25988CE11ADB31065050070B8;B0BDDED34CC83E11052F6792C000B249;2025-07-16;1;5.200
C69DB38E9795DE11ADB31065050012C8;B0BDDED34CC83E11052F6792C000B249;2025-07-04;1;11.069
C6C823FA8D410F11112A674AC7E21989;B0BDDED34CC83E11052F6792C000B249;2025-07-08;30;120.161
C75BD54551CAED11A62CD892C0003F2A;B0BDDED34CC83E11052F6792C000B249;2025-07-02;1;4.800
C7A7BED8EC89FE11128010650500E819;B0BDDED34CC83E11052F6792C000B249;2025-07-11;1;7.083
C8494A182769BE118772106505004959;B0BDDED34CC83E11052F6792C000B249;2025-07-29;2;21.355
C877C51D222DFE11F1557891FE69A389;B0BDDED34CC83E11052F6792C000B249;2025-07-16;1;6.871
C8B515F165E0EE114066106505000B4A;B0BDDED34CC83E11052F6792C000B249;2025-07-13;2;10.290
C9537C6834AE9E117260106505001C4A;B0BDDED34CC83E11052F6792C000B249;2025-07-07;12;54.258
C955A13924817E11B7B78A650500CD08;B0BDDED34CC83E11052F6792C000B249;2025-07-20;3;13.000
C9670700E0CAED11A62CD892C0003F2A;B0BDDED34CC83E11052F6792C000B249;2025-07-11;2;11.750
C97B11E98DF59E11554010650500304B;B0BDDED34CC83E11052F6792C000B249;2025-07-02;3;12.419
C9BC4C07D0CBEE1191EE1065050029B9;B0BDDED34CC83E11052F6792C000B249;2025-07-01;1;4.467
CA347896378B3E11052F6792C000D249;B0BDDED34CC83E11052F6792C000B249;2025-07-22;2;9.400
CA8779C141CAED11A62CD892C0003F2A;B0BDDED34CC83E11052F6792C000B249;2025-07-13;1;7.241
CBC1C7FDE511DE11ADB3106505002CB8;B0BDDED34CC83E11052F6792C000B249;2025-07-31;1;5.516
CC104105DC510F11112A674AC7E22989;B0BDDED34CC83E11052F6792C000B249;2025-07-01;2;24.645
CC274B6EBC0FAE11BE2110650500245A;B0BDDED34CC83E11052F6792C000B249;2025-07-26;2;9.571
CCCD4C4B701EEE1191EE1065050029B9;B0BDDED34CC83E11052F6792C000B249;2025-07-13;7;28.710
CD1960E05EEC9E11726010650500D94A;B0BDDED34CC83E11052F6792C000B249;2025-07-12;1;5.567
CD42A93BC7E10F114EF7A826072BE989;B0BDDED34CC83E11052F6792C000B249;2025-07-24;1;4.387
CD63B3899AA07E11B7B78A650500CD08;B0BDDED34CC83E11052F6792C000B249;2025-07-01;1;4.333
CE492F594D32FE1191EE10650500BCB9;B0BDDED34CC83E11052F6792C000B249;2025-07-04;1;4.810
CE94264241CAED11A62CD892C0003F2A;B0BDDED34CC83E11052F6792C000B249;2025-07-11;1;8.440
CEB0EF80D5D61E1143F0668E4200EE89;B0BDDED34CC83E11052F6792C000B249;2025-07-13;2;9.323
CF2C6D5B01CAED11A62CD892C0003F2A;B0BDDED34CC83E11052F6792C000B249;2025-07-13;2;9.387
CF6CCCECA96EAE11BE2110650500535A;B0BDDED34CC83E11052F6792C000B249;2025-07-01;1;6.806
CF87FFC8B565DE11ADB310650500D1C8;B0BDDED34CC83E11052F6792C000B249;2025-07-17;1;6.900
CF96C6539410CE11877210650500C169;B0BDDED34CC83E11052F6792C000B249;2025-07-13;2;9.548
CFC2663A31CAED11A62CD892C0003F2A;B0BDDED34CC83E11052F6792C000B249;2025-07-12;1;11.520
D044352D773BFE11128010650500E819;B0BDDED34CC83E11052F6792C000B249;2025-07-05;2;12.308
D058CABBDC476E11B7B78A650500BC08;B0BDDED34CC83E11052F6792C000B249;2025-07-03;2;9.720
D05B53538ABAFE11128010650500E819;B0BDDED34CC83E11052F6792C000B249;2025-07-08;7;36.964
D0EE4B8FED71FE1191EE10650500CBB9;B0BDDED34CC83E11052F6792C000B249;2025-07-14;1;4.387
D0F55FEA3974EE11B1AD10650500F7EA;B0BDDED34CC83E11052F6792C000B249;2025-07-01;1;6.484
D101C7FFF0CAED11A62CD892C0003F2A;B0BDDED34CC83E11052F6792C000B249;2025-07-12;2;12.323
D11B912A5737CE11ADB310650500BEA8;B0BDDED34CC83E11052F6792C000B249;2025-07-18;8;33.593
D18BB1230709FD11A4A96492C000AA89;B0BDDED34CC83E11052F6792C000B249;2025-07-01;2;12.567
D1C2A918BE010F11112A674AC7E2C889;B0BDDED34CC83E11052F6792C000B249;2025-07-26;1;5.750
D1F5EA1705EB4E1142D58A6505009C08;B0BDDED34CC83E11052F6792C000B249;2025-07-16;1;5.400
D26AB7B500556E11B7B78A650500BC08;B0BDDED34CC83E11052F6792C000B249;2025-07-20;1;4.391
D2704B74F5C0BE11BE2110650500565A;B0BDDED34CC83E11052F6792C000B249;2025-07-19;3;12.548
D2CB1CCADAF69E11554010650500714B;B0BDDED34CC83E11052F6792C000B249;2025-07-17;1;4.161
D2EE879423D0DE11ADB310650500BBB8;B0BDDED34CC83E11052F6792C000B249;2025-07-01;2;8.680
D38D1C8C9CA9DE11406610650500814A;B0BDDED34CC83E11052F6792C000B249;2025-07-06;9;40.097
D3AEA4E0A815FD110DC22A92C0009D7B;B0BDDED34CC83E11052F6792C000B249;2025-07-01;3;12.364
D3EA427F81CAED11A62CD892C0003F2A;B0BDDED34CC83E11052F6792C000B249;2025-07-22;3;12.419
D41FA7D9C85A3E11052F6792C000D249;B0BDDED34CC83E11052F6792C000B249;2025-07-25;1;6.387
D4B5B252EA244E1142D58A6505002C08;B0BDDED34CC83E11052F6792C000B249;2025-07-16;3;17.968
D502F19C5C37AE11BE21106505003A4A;B0BDDED34CC83E11052F6792C000B249;2025-07-23;1;5.545
D55C91650447FD110DC22A92C000D62B;B0BDDED34CC83E11052F6792C000B249;2025-07-01;1;5.161
D58A6214EC430E11A4A96492C00008E9;B0BDDED34CC83E11052F6792C000B249;2025-07-08;3;13.129
D5BDD24C19216E1142D58A650500AD08;B0BDDED34CC83E11052F6792C000B249;2025-07-19;1;6.867
D5D2043061D4EE11B1AD1065050068EA;B0BDDED34CC83E11052F6792C000B249;2025-07-09;4;21.742
D631D097DA6FCE11ADB310650500B9B8;B0BDDED34CC83E11052F6792C000B249;2025-07-10;1;4.903
D6A4FCE301CAED11A62CD892C0003F2A;B0BDDED34CC83E11052F6792C000B249;2025-07-01;2;11.077
D7033A80E0CAED11A62CD892C0003F2A;B0BDDED34CC83E11052F6792C000B249;2025-07-06;1;6.065
D71289756077FE1191EE1065050093C9;B0BDDED34CC83E11052F6792C000B249;2025-07-12;1;6.613
D713519E6EDCDE11406610650500C54A;B0BDDED34CC83E11052F6792C000B249;2025-07-16;1;4.032
D7439BB33F5F9E117260106505000D4A;B0BDDED34CC83E11052F6792C000B249;2025-07-04;1;6.355
D74735B41055DE11ADB310650500B1C8;B0BDDED34CC83E11052F6792C000B249;2025-07-15;1;4.839
D780E2E04579FE11128010650500E819;B0BDDED34CC83E11052F6792C000B249;2025-07-11;1;11.129
D78C963E01CAED11A62CD892C0003F2A;B0BDDED34CC83E11052F6792C000B249;2025-07-01;3;13.871
D7FC1101D21B1E1143F0668E4200EF5A;B0BDDED34CC83E11052F6792C000B249;2025-07-10;1;6.200
D81312B681365E1142D58A650500DC08;B0BDDED34CC83E11052F6792C000B249;2025-07-01;16;69.806
D81A958001CAED11A62CD892C0003F2A;B0BDDED34CC83E11052F6792C000B249;2025-07-01;1;11.967
D8378470DC07BE118772106505004659;B0BDDED34CC83E11052F6792C000B249;2025-07-01;1;11.500
D85C8EBC863EAE11BE2110650500135A;B0BDDED34CC83E11052F6792C000B249;2025-07-22;2;8.871
D882A200FFAFFE11F1557891FE69E689;B0BDDED34CC83E11052F6792C000B249;2025-07-22;1;4.621
D8B1108E0D65BE11BE21106505004C5A;B0BDDED34CC83E11052F6792C000B249;2025-07-01;1;13.129
D8C421F8CCBBFD11A4A96492C000CB59;B0BDDED34CC83E11052F6792C000B249;2025-07-05;1;4.357
D8F38758C8049E115540106505009D3B;B0BDDED34CC83E11052F6792C000B249;2025-07-05;1;5.290
D90C4CF61680BE11BE2110650500065A;B0BDDED34CC83E11052F6792C000B249;2025-07-13;1;5.120
D93AB3F5395EDE11406610650500C74A;B0BDDED34CC83E11052F6792C000B249;2025-07-01;1;6.556
D955C19F5145DE11ADB310650500A1C8;B0BDDED34CC83E11052F6792C000B249;2025-07-10;1;7.154
D96D409256550F114EF7A826072B4E89;B0BDDED34CC83E11052F6792C000B249;2025-07-19;1;4.036
D9E6314AA47D8E11F243BB650500154B;B0BDDED34CC83E11052F6792C000B249;2025-07-12;1;4.290
DA39958560CBEE1191EE1065050029B9;B0BDDED34CC83E11052F6792C000B249;2025-07-01;1;14.207
DA9E47EAD0CAED11A62CD892C0003F2A;B0BDDED34CC83E11052F6792C000B249;2025-07-12;1;5.733
DAD16D440ABBFD11A4A96492C000CB59;B0BDDED34CC83E11052F6792C000B249;2025-07-08;1;4.032
DB1A0CC4F0CAED11A62CD892C0003F2A;B0BDDED34CC83E11052F6792C000B249;2025-07-01;1;13.727
DB4F278C0ADEAE11BE2110650500E35A;B0BDDED34CC83E11052F6792C000B249;2025-07-29;6;30.000
DBDE455281082E11052F6792C0007F39;B0BDDED34CC83E11052F6792C000B249;2025-07-01;1;12.452
DC0E833929EEFE11F1557891FE69E589;B0BDDED34CC83E11052F6792C000B249;2025-07-09;2;9.571
DC280D4ACE23FD110DC22A92C000C499;B0BDDED34CC83E11052F6792C000B249;2025-07-10;2;14.724
DD042F328EE1EE114066106505006C4A;B0BDDED34CC83E11052F6792C000B249;2025-07-14;1;6.034
DD0A9111FC1EFE11F1557891FE69E489;B0BDDED34CC83E11052F6792C000B249;2025-07-20;1;4.129
DD4EFCCBCE13FE1191EE10650500EDB9;B0BDDED34CC83E11052F6792C000B249;2025-07-04;1;4.355
DD6C8A4874A1BE11BE2110650500775A;B0BDDED34CC83E11052F6792C000B249;2025-07-15;3;13.710
DD8051DB08300F11F1557891FE699789;B0BDDED34CC83E11052F6792C000B249;2025-07-03;1;4.129
DDD7334651CAED11A62CD892C0003F2A;B0BDDED34CC83E11052F6792C000B249;2025-07-05;1;4.222
DDF5EBC551CAED11A62CD892C0003F2A;B0BDDED34CC83E11052F6792C000B249;2025-07-01;1;7.042
DE15F8F901CAED11A62CD892C0003F2A;B0BDDED34CC83E11052F6792C000B249;2025-07-01;3;16.323
DE796FC88BCE8E11F243BB650500C64B;B0BDDED34CC83E11052F6792C000B249;2025-07-14;1;4.645
DEFDD0C6CC248E113835BB650500ACAA;B0BDDED34CC83E11052F6792C000B249;2025-07-06;1;5.793
DF512FF7D62FFE11F1557891FE693689;B0BDDED34CC83E11052F6792C000B249;2025-07-01;2;9.355
DF6785D8D0CAED11A62CD892C0003F2A;B0BDDED34CC83E11052F6792C000B249;2025-07-07;2;9.968
DF96B7DB01CAED11A62CD892C0003F2A;B0BDDED34CC83E11052F6792C000B249;2025-07-20;1;6.839
DFBAF8801BA8FE11128010650500D819;B0BDDED34CC83E11052F6792C000B249;2025-07-17;2;10.880
E03BEA817EC47E11B7B78A650500ED08;B0BDDED34CC83E11052F6792C000B249;2025-07-29;1;6.357
E0AFE8898284DE11ADB310650500B0C8;B0BDDED34CC83E11052F6792C000B249;2025-07-28;2;11.806
E0D0AC0CA454EE11B1AD10650500C7EA;B0BDDED34CC83E11052F6792C000B249;2025-07-01;1;5.516
E11B5401DC80EE114066106505009A4A;B0BDDED34CC83E11052F6792C000B249;2025-07-04;1;4.903
E136882211CAED11A62CD892C0003F2A;B0BDDED34CC83E11052F6792C000B249;2025-07-01;1;7.323
E1C51D832B589E11554010650500334B;B0BDDED34CC83E11052F6792C000B249;2025-07-17;1;4.828
E201A2B09A4EDE11406610650500B74A;B0BDDED34CC83E11052F6792C000B249;2025-07-01;29;154.903
E220DFA7B39BBE118772106505000C59;B0BDDED34CC83E11052F6792C000B249;2025-07-24;1;7.258
E2A77B826DC2DE11ADB3106505006EB8;B0BDDED34CC83E11052F6792C000B249;2025-07-21;1;4.290
E2C4FF2E22C18E111E1BBB65050099AA;B0BDDED34CC83E11052F6792C000B249;2025-07-10;1;4.484
E2EDE89211CAED11A62CD892C0003F2A;B0BDDED34CC83E11052F6792C000B249;2025-07-01;1;5.900
E3621668E312EE114066106505009C4A;B0BDDED34CC83E11052F6792C000B249;2025-07-25;1;4.129
E3B03A5913FDDE11406610650500274A;B0BDDED34CC83E11052F6792C000B249;2025-07-05;1;7.455
E3C91A658B8DED11A62CD892C0003F2A;B0BDDED34CC83E11052F6792C000B249;2025-07-12;1;10.931
E3F3436BE358FE11128010650500D819;B0BDDED34CC83E11052F6792C000B249;2025-07-24;2;13.444
E4440FE4B4D38E113835BB6505006CAA;B0BDDED34CC83E11052F6792C000B249;2025-07-14;2;11.516
E471E52632106E1142D58A650500AD08;B0BDDED34CC83E11052F6792C000B249;2025-07-29;2;8.161
E5004D8311CAED11A62CD892C0003F2A;B0BDDED34CC83E11052F6792C000B249;2025-07-01;1;8.545
E5917AB011CAED11A62CD892C0003F2A;B0BDDED34CC83E11052F6792C000B249;2025-07-07;1;4.871
E5A7CE416DEAAE11BE2110650500EE4A;B0BDDED34CC83E11052F6792C000B249;2025-07-15;1;7.207
E5F6F7B29972EE114066106505001D4A;B0BDDED34CC83E11052F6792C000B249;2025-07-10;3;13.238
E63E17D851CAED11A62CD892C0003F2A;B0BDDED34CC83E11052F6792C000B249;2025-07-17;1;4.065
E6A9EC4B29667E11B7B78A650500ED08;B0BDDED34CC83E11052F6792C000B249;2025-07-01;2;10.536
E6AFE5AC20E1DE11ADB3106505003DB8;B0BDDED34CC83E11052F6792C000B249;2025-07-11;1;5.964
E6B63D2329363E11052F6792C000FF39;B0BDDED34CC83E11052F6792C000B249;2025-07-23;5;30.226
E6F47934763EAE11BE2110650500135A;B0BDDED34CC83E11052F6792C000B249;2025-07-17;2;9.556
E7164409D533FE1191EE106505000EB9;B0BDDED34CC83E11052F6792C000B249;2025-07-10;1;6.355
E73E9771162C6E11B7B78A650500BC08;B0BDDED34CC83E11052F6792C000B249;2025-07-05;1;4.742
E759B6028D7DED11A62CD892C0003F2A;B0BDDED34CC83E11052F6792C000B249;2025-07-01;4;16.774
E7672BA05557AE11BE21106505005A4A;B0BDDED34CC83E11052F6792C000B249;2025-07-08;2;9.742
E772E73E495EDE11406610650500C74A;B0BDDED34CC83E11052F6792C000B249;2025-07-02;1;4.290
E77D6519E7E97E110819BB65050019AA;B0BDDED34CC83E11052F6792C000B249;2025-07-09;1;4.241
E7B67913DA8F6E11B7B78A650500CD08;B0BDDED34CC83E11052F6792C000B249;2025-07-11;1;6.577
E8110F3314D7EE1191EE1065050097B9;B0BDDED34CC83E11052F6792C000B249;2025-07-16;4;18.903
E815D75DB5934E1142D58A6505002C08;B0BDDED34CC83E11052F6792C000B249;2025-07-08;1;8.435
E821C334D023CE11877210650500A569;B0BDDED34CC83E11052F6792C000B249;2025-07-22;7;31.871
E83F9C0623C50E11A4A96492C00060C8;B0BDDED34CC83E11052F6792C000B249;2025-07-17;1;5.613
E8555DE604D7EE1191EE1065050097B9;B0BDDED34CC83E11052F6792C000B249;2025-07-30;6;25.871
E8AB27A819216E1142D58A650500AD08;B0BDDED34CC83E11052F6792C000B249;2025-07-16;2;10.429
E9004D8311CAED11A62CD892C0003F2A;B0BDDED34CC83E11052F6792C000B249;2025-07-09;1;4.769
E93C9E4F35CC8E11F243BB650500044B;B0BDDED34CC83E11052F6792C000B249;2025-07-14;1;4.258
E947C7327DCA9E11525010650500EB4A;B0BDDED34CC83E11052F6792C000B249;2025-07-02;1;4.103
E9684DC528B13E11052F6792C000CF39;B0BDDED34CC83E11052F6792C000B249;2025-07-30;3;13.581
E969F20C3104FE1191EE106505001FB9;B0BDDED34CC83E11052F6792C000B249;2025-07-02;1;7.581
E9794BFC08300F11F1557891FE699789;B0BDDED34CC83E11052F6792C000B249;2025-07-20;1;5.000
E9C185AD1DC97E110819BB65050019AA;B0BDDED34CC83E11052F6792C000B249;2025-07-20;4;27.806
E9C7236D2640FE1191EE106505003AB9;B0BDDED34CC83E11052F6792C000B249;2025-07-29;1;7.000
E9ED9DCF76640F114EF7A826072B1D89;B0BDDED34CC83E11052F6792C000B249;2025-07-25;2;10.226
EA3F4A2031D1DE11ADB3106505002DB8;B0BDDED34CC83E11052F6792C000B249;2025-07-10;1;10.476
EA4F278C0ADEAE11BE2110650500E35A;B0BDDED34CC83E11052F6792C000B249;2025-07-26;10;48.516
EA904BBEC0CAED11A62CD892C0003F2A;B0BDDED34CC83E11052F6792C000B249;2025-07-08;1;5.000
EAC68FCA5C8F6E11B7B78A650500CD08;B0BDDED34CC83E11052F6792C000B249;2025-07-17;1;6.645
EB0CDF16ACA49E115540106505007E3B;B0BDDED34CC83E11052F6792C000B249;2025-07-01;1;5.852
EB20FFF04DCF3E11F7F68A650500DB08;B0BDDED34CC83E11052F6792C000B249;2025-07-13;1;6.241
EB5627ADC0CAED11A62CD892C0003F2A;B0BDDED34CC83E11052F6792C000B249;2025-07-14;1;4.862
EB8A5F161BF3DE11ADB310650500FFB8;B0BDDED34CC83E11052F6792C000B249;2025-07-01;1;4.226
EBA1D80ADF61FE1191EE10650500BBB9;B0BDDED34CC83E11052F6792C000B249;2025-07-05;2;8.581
EBBE944DE2DFEE1191EE10650500A9B9;B0BDDED34CC83E11052F6792C000B249;2025-07-23;1;5.217
EBD25A6E878E8E11F243BB650500764B;B0BDDED34CC83E11052F6792C000B249;2025-07-21;2;9.484
EBFBD80C6F466E11B7B78A650500BC08;B0BDDED34CC83E11052F6792C000B249;2025-07-17;2;11.226
EC8CE0DCCDEAAE11BE2110650500EE4A;B0BDDED34CC83E11052F6792C000B249;2025-07-21;1;4.129
ECEC9DCF76640F114EF7A826072B1D89;B0BDDED34CC83E11052F6792C000B249;2025-07-14;2;11.375
ECF6F12597788E11F243BB6505002E3B;B0BDDED34CC83E11052F6792C000B249;2025-07-18;1;6.714
EDAA0BADA4250F114EF7A826072B0E89;B0BDDED34CC83E11052F6792C000B249;2025-07-28;1;8.077
EDC44299B596DE11ADB31065050053C8;B0BDDED34CC83E11052F6792C000B249;2025-07-17;1;5.161
EDF857FE313FEE1191EE1065050029B9;B0BDDED34CC83E11052F6792C000B249;2025-07-05;1;7.645
EE0D680B958BBE11877210650500FB59;B0BDDED34CC83E11052F6792C000B249;2025-07-01;1;10.387
EE1A48881CF22E1143F0668E4200C71A;B0BDDED34CC83E11052F6792C000B249;2025-07-15;1;5.742
EED078668B50EE114066106505005A4A;B0BDDED34CC83E11052F6792C000B249;2025-07-14;2;10.774
EF042EC0212FEE1191EE1065050029B9;B0BDDED34CC83E11052F6792C000B249;2025-07-05;1;6.400
EF39248CF5802E1143F0668E4200C71A;B0BDDED34CC83E11052F6792C000B249;2025-07-01;1;6.806
EF3BA4B818138E110223BB6505005BAA;B0BDDED34CC83E11052F6792C000B249;2025-07-09;1;6.516
EF8779C141CAED11A62CD892C0003F2A;B0BDDED34CC83E11052F6792C000B249;2025-07-04;1;7.600
EF93B3A4E0CAED11A62CD892C0003F2A;B0BDDED34CC83E11052F6792C000B249;2025-07-01;1;9.731
EFA15376AF6DFE11F1557891FE690489;B0BDDED34CC83E11052F6792C000B249;2025-07-01;2;8.387
F0293B3229DA3E11052F6792C000D249;B0BDDED34CC83E11052F6792C000B249;2025-07-06;1;11.806
F0BF1735488E4E1142D58A650500BC08;B0BDDED34CC83E11052F6792C000B249;2025-07-03;1;11.833
F12FE1C0C0F23E11052F6792C000CF39;B0BDDED34CC83E11052F6792C000B249;2025-07-01;1;7.367
F1F42C5731CAED11A62CD892C0003F2A;B0BDDED34CC83E11052F6792C000B249;2025-07-05;2;11.348
F21EA3470C7DFE1158A3BB3DBE8E1489;B0BDDED34CC83E11052F6792C000B249;2025-07-07;2;9.000
F25F5861F1251E1143F0668E4200EE89;B0BDDED34CC83E11052F6792C000B249;2025-07-22;1;4.355
F26E43481B6BAE11BE21106505008F4A;B0BDDED34CC83E11052F6792C000B249;2025-07-01;2;10.742
F3A43B996382DE11ADB3106505000EB8;B0BDDED34CC83E11052F6792C000B249;2025-07-18;1;11.806
F42A6CE7135D5E1142D58A6505002D08;B0BDDED34CC83E11052F6792C000B249;2025-07-09;1;6.348
F433B16579EFDE11406610650500C94A;B0BDDED34CC83E11052F6792C000B249;2025-07-07;2;34.742
F458397C4032FE1191EE10650500ACB9;B0BDDED34CC83E11052F6792C000B249;2025-07-19;1;4.871
F4DB695ED0758E113835BB6505004EAA;B0BDDED34CC83E11052F6792C000B249;2025-07-01;1;5.839
F51AC937F1065E1142D58A650500DC08;B0BDDED34CC83E11052F6792C000B249;2025-07-10;2;11.571
F523550101CAED11A62CD892C0003F2A;B0BDDED34CC83E11052F6792C000B249;2025-07-23;1;6.792
F547068C4D05DE11ADB31065050061C8;B0BDDED34CC83E11052F6792C000B249;2025-07-06;2;9.300
F60ACCD6D4F5FE1191EE10650500A1C9;B0BDDED34CC83E11052F6792C000B249;2025-07-07;2;12.103
F61ABF8FD410CE11877210650500C169;B0BDDED34CC83E11052F6792C000B249;2025-07-10;1;5.360
F7018428F0CAED11A62CD892C0003F2A;B0BDDED34CC83E11052F6792C000B249;2025-07-15;6;26.484
F72EDE23CA25EE11B1AD10650500D8EA;B0BDDED34CC83E11052F6792C000B249;2025-07-19;1;5.321
F7A4FCE301CAED11A62CD892C0003F2A;B0BDDED34CC83E11052F6792C000B249;2025-07-20;1;8.290
F7CFEAE9D233DE11ADB310650500EEB8;B0BDDED34CC83E11052F6792C000B249;2025-07-08;1;6.375
F7EEFA3F2F43FE1191EE106505002EB9;B0BDDED34CC83E11052F6792C000B249;2025-07-20;2;8.179
F823550101CAED11A62CD892C0003F2A;B0BDDED34CC83E11052F6792C000B249;2025-07-20;1;4.850
F854E8C1691CEE1191EE1065050029B9;B0BDDED34CC83E11052F6792C000B249;2025-07-31;1;5.968
F91EFD2BE112EE114066106505009C4A;B0BDDED34CC83E11052F6792C000B249;2025-07-11;1;4.548
F93465D731CAED11A62CD892C0003F2A;B0BDDED34CC83E11052F6792C000B249;2025-07-02;1;4.214
F97CF005CB528E110223BB6505006AAA;B0BDDED34CC83E11052F6792C000B249;2025-07-21;1;5.552
F9E59FECA5D83E11052F6792C000B249;B0BDDED34CC83E11052F6792C000B249;2025-07-09;1;11.345
F9F449F499775E1142D58A650500DC08;B0BDDED34CC83E11052F6792C000B249;2025-07-28;1;7.933
FA65ED4652B7BE118772106505001759;B0BDDED34CC83E11052F6792C000B249;2025-07-25;2;9.913
FACC7CBF91459E115540106505004F3B;B0BDDED34CC83E11052F6792C000B249;2025-07-27;1;5.645
FB35DEE0E9FBCE11ADB310650500F4B8;B0BDDED34CC83E11052F6792C000B249;2025-07-07;1;5.387
FB4B0EAC17C2FE1191EE106505006DB9;B0BDDED34CC83E11052F6792C000B249;2025-07-10;1;7.484
FB59578FED71FE1191EE10650500CBB9;B0BDDED34CC83E11052F6792C000B249;2025-07-04;1;4.619
FB958DE325B4DE11ADB310650500F0C8;B0BDDED34CC83E11052F6792C000B249;2025-07-01;2;14.935
FC0B74D7D0CAED11A62CD892C0003F2A;B0BDDED34CC83E11052F6792C000B249;2025-07-16;2;11.741
FC8C3B7101CAED11A62CD892C0003F2A;B0BDDED34CC83E11052F6792C000B249;2025-07-16;3;15.226
FCEE7847D2A7FE1191EE10650500D3C9;B0BDDED34CC83E11052F6792C000B249;2025-07-06;1;4.581
FD744D7F12EC6E11B7B78A650500BC08;B0BDDED34CC83E11052F6792C000B249;2025-07-31;5;23.645
FDB201FC1443FE1191EE106505001EB9;B0BDDED34CC83E11052F6792C000B249;2025-07-14;3;16.433
FDBF5FCF20CAED11A62CD892C0003F2A;B0BDDED34CC83E11052F6792C000B249;2025-07-03;6;31.613
FDDCEDB24D42CE118772106505009469;B0BDDED34CC83E11052F6792C000B249;2025-07-12;1;5.419
FDE0EFD0B78DBE118772106505008E59;B0BDDED34CC83E11052F6792C000B249;2025-07-23;1;5.042
FE4D0478A66E0E1143F0668E42001D49;B0BDDED34CC83E11052F6792C000B249;2025-07-16;2;8.875
FE4D455DE0CAED11A62CD892C0003F2A;B0BDDED34CC83E11052F6792C000B249;2025-07-25;2;9.355
FE6785D8D0CAED11A62CD892C0003F2A;B0BDDED34CC83E11052F6792C000B249;2025-07-06;2;9.097
FEA4A5C4D74CEE1191EE1065050029B9;B0BDDED34CC83E11052F6792C000B249;2025-07-15;3;14.895
FEC2A31E65B4DE11ADB310650500F0C8;B0BDDED34CC83E11052F6792C000B249;2025-07-08;3;12.941
FF2AC67DFD92FE1191EE106505003DB9;B0BDDED34CC83E11052F6792C000B249;2025-07-17;1;4.148
FF6785D8D0CAED11A62CD892C0003F2A;B0BDDED34CC83E11052F6792C000B249;2025-07-08;2;9.000
FF6C2E44624CBE11877210650500EC59;B0BDDED34CC83E11052F6792C000B249;2025-07-02;1;4.613
FF96B7DB01CAED11A62CD892C0003F2A;B0BDDED34CC83E11052F6792C000B249;2025-07-27;1;8.080
FFA7EDD1F0CAED11A62CD892C0003F2A;B0BDDED34CC83E11052F6792C000B249;2025-07-15;3;14.226
0000CD49FA7DFE1158A3BB3DBE8E1489;FC081C55582CED11A62CD892C0003F2A;2025-07-28;2;8.194
005BCFB931CAED11A62CD892C0003F2A;FC081C55582CED11A62CD892C0003F2A;2025-07-26;1;8.000
007267F61B278E11F243BB6505008C3B;FC081C55582CED11A62CD892C0003F2A;2025-07-03;4;16.548
009BDC3256D46E11B7B78A650500BC08;FC081C55582CED11A62CD892C0003F2A;2025-07-22;1;4.710
00BA1CE180E2FE1191EE106505009DB9;FC081C55582CED11A62CD892C0003F2A;2025-07-04;1;5.161
00BA48450B630F114EF7A826072BDB89;FC081C55582CED11A62CD892C0003F2A;2025-07-01;1;9.690
00FB517205ABEE1191EE1065050029B9;FC081C55582CED11A62CD892C0003F2A;2025-07-23;1;5.258
0106CC3200E7EE1191EE10650500A7B9;FC081C55582CED11A62CD892C0003F2A;2025-07-25;2;11.296
010E98BA2B9FFE11F1557891FE69C689;FC081C55582CED11A62CD892C0003F2A;2025-07-20;2;10.310
0190824BE010EE11406610650500F94A;FC081C55582CED11A62CD892C0003F2A;2025-07-15;1;7.387
01A6AB6DE9E2FE1191EE10650500ADB9;FC081C55582CED11A62CD892C0003F2A;2025-07-12;1;6.000
01D75F4A7605EE11B1AD10650500A8EA;FC081C55582CED11A62CD892C0003F2A;2025-07-26;1;5.267
01EEBADF2068FE11128010650500D819;FC081C55582CED11A62CD892C0003F2A;2025-07-01;1;7.154
01F0D6C510CAED11A62CD892C0003F2A;FC081C55582CED11A62CD892C0003F2A;2025-07-11;1;6.435
0231549CF38FCE11ADB310650500D9B8;FC081C55582CED11A62CD892C0003F2A;2025-07-20;1;5.176
024F163511B10F114EF7A826072BA989;FC081C55582CED11A62CD892C0003F2A;2025-07-09;1;4.517
02E92A6A7439BE118772106505000959;FC081C55582CED11A62CD892C0003F2A;2025-07-01;1;9.161
03034BE8BEBBDE11406610650500444A;FC081C55582CED11A62CD892C0003F2A;2025-07-08;1;5.310
030A6C4B93735E1142D58A650500DC08;FC081C55582CED11A62CD892C0003F2A;2025-07-12;2;9.464
0325A7D311FDDE11406610650500274A;FC081C55582CED11A62CD892C0003F2A;2025-07-22;1;5.045
033FEE3A9AA2EE11B1AD10650500A5EA;FC081C55582CED11A62CD892C0003F2A;2025-07-25;1;5.129
034A1074EB9DDE11406610650500B64A;FC081C55582CED11A62CD892C0003F2A;2025-07-01;1;5.581
03BD063F18D2DE11ADB3106505007EB8;FC081C55582CED11A62CD892C0003F2A;2025-07-30;4;17.000
03E26A66D343FE1191EE106505001EB9;FC081C55582CED11A62CD892C0003F2A;2025-07-08;1;5.161
0416ABC861446E11B7B78A650500BC08;FC081C55582CED11A62CD892C0003F2A;2025-07-15;1;4.207
0473763528D8EE1191EE10650500F8B9;FC081C55582CED11A62CD892C0003F2A;2025-07-02;1;4.710
04851C935D51FD110DC22A92C000DD89;FC081C55582CED11A62CD892C0003F2A;2025-07-29;2;12.161
049DE472E0CAED11A62CD892C0003F2A;FC081C55582CED11A62CD892C0003F2A;2025-07-15;2;9.226
051BA0425C930F114EF7A826072B1C89;FC081C55582CED11A62CD892C0003F2A;2025-07-18;1;4.636
0609D94B2420DE11ADB310650500BAB8;FC081C55582CED11A62CD892C0003F2A;2025-07-01;1;12.290
061E461E8BE2FE1191EE10650500ADB9;FC081C55582CED11A62CD892C0003F2A;2025-07-01;1;5.613
06587A2041CAED11A62CD892C0003F2A;FC081C55582CED11A62CD892C0003F2A;2025-07-15;1;4.931
069C6860BC7FAE11BE2110650500B45A;FC081C55582CED11A62CD892C0003F2A;2025-07-29;1;4.871
06E90ECE2663EE11B1AD1065050096EA;FC081C55582CED11A62CD892C0003F2A;2025-07-07;1;4.677
0776B8B88D36DE11ADB310650500E2C8;FC081C55582CED11A62CD892C0003F2A;2025-07-09;2;8.581
077A2D18FC510F11112A674AC7E22989;FC081C55582CED11A62CD892C0003F2A;2025-07-13;3;22.194
07DC8B9CB040EE114066106505003A4A;FC081C55582CED11A62CD892C0003F2A;2025-07-01;1;4.581
084DDE41F0CAED11A62CD892C0003F2A;FC081C55582CED11A62CD892C0003F2A;2025-07-21;1;4.909
0860A30F49F2FE1191EE10650500BDB9;FC081C55582CED11A62CD892C0003F2A;2025-07-01;4;22.806
087BE170F76DCE11ADB310650500F6B8;FC081C55582CED11A62CD892C0003F2A;2025-07-25;1;5.600
08B7439ED719DE11C84610650500C17A;FC081C55582CED11A62CD892C0003F2A;2025-07-03;1;6.840
08D33220EDE3DE11ADB310650500DFB8;FC081C55582CED11A62CD892C0003F2A;2025-07-01;1;10.323
090A21F749E48E113835BB6505009DAA;FC081C55582CED11A62CD892C0003F2A;2025-07-01;1;5.645
090F525E25DFEE1191EE10650500A9B9;FC081C55582CED11A62CD892C0003F2A;2025-07-04;1;6.296
09637ADA435C9E11726010650500194A;FC081C55582CED11A62CD892C0003F2A;2025-07-17;1;8.846
098E3FA308C5CE11ADB3106505005DA8;FC081C55582CED11A62CD892C0003F2A;2025-07-08;5;20.161
09B8FF3ABAA07E11B7B78A650500CD08;FC081C55582CED11A62CD892C0003F2A;2025-07-01;3;14.419
09E8FDA9268EFE11F1557891FE696589;FC081C55582CED11A62CD892C0003F2A;2025-07-24;2;8.143
0A282CFF889D7E110819BB65050039AA;FC081C55582CED11A62CD892C0003F2A;2025-07-19;5;20.032
0A5834BC496CCE11ADB310650500A5B8;FC081C55582CED11A62CD892C0003F2A;2025-07-01;31;165.839
0A9EF37B8A65EE11B1AD1065050039EA;FC081C55582CED11A62CD892C0003F2A;2025-07-02;4;43.069
0AB5CF667859FE11128010650500E819;FC081C55582CED11A62CD892C0003F2A;2025-07-07;4;19.839
0B4A4CF1F12AFE11128010650500E819;FC081C55582CED11A62CD892C0003F2A;2025-07-03;4;18.903
0B7B2942599EFE11F1557891FE698589;FC081C55582CED11A62CD892C0003F2A;2025-07-17;1;7.158
0BA06BDE073CBE11877210650500DC59;FC081C55582CED11A62CD892C0003F2A;2025-07-11;1;8.065
0BA64A347D27EE1191EE10650500C6B9;FC081C55582CED11A62CD892C0003F2A;2025-07-01;4;17.387
0BAAB333D6B4EE11B1AD1065050048EA;FC081C55582CED11A62CD892C0003F2A;2025-07-19;2;8.387
0BB8CE1BD5230E11A4A96492C00008E9;FC081C55582CED11A62CD892C0003F2A;2025-07-05;1;4.696
0BCAD903FDAFDE11406610650500794A;FC081C55582CED11A62CD892C0003F2A;2025-07-28;2;8.167
0BCEF4D87E63FD110DC22A92C000C499;FC081C55582CED11A62CD892C0003F2A;2025-07-20;1;4.556
0CB5D848B1BBEE1191EE1065050029B9;FC081C55582CED11A62CD892C0003F2A;2025-07-07;2;11.161
0CC5F8677F54DE11ADB31065050080C8;FC081C55582CED11A62CD892C0003F2A;2025-07-12;1;8.846
0CDE354031CAED11A62CD892C0003F2A;FC081C55582CED11A62CD892C0003F2A;2025-07-16;1;5.412
0CDECC5FF11C8E11F243BB650500C24B;FC081C55582CED11A62CD892C0003F2A;2025-07-01;36;195.355
0D150FF1AC112E1143F0668E4200C71A;FC081C55582CED11A62CD892C0003F2A;2025-07-30;1;6.452
0D280D4ACE23FD110DC22A92C000C499;FC081C55582CED11A62CD892C0003F2A;2025-07-01;1;25.226
0D78B1557EE1EE114066106505006C4A;FC081C55582CED11A62CD892C0003F2A;2025-07-20;1;5.400
0DAF8A5FC0CAED11A62CD892C0003F2A;FC081C55582CED11A62CD892C0003F2A;2025-07-16;2;13.516
0DB4148EED948E113835BB6505003DAA;FC081C55582CED11A62CD892C0003F2A;2025-07-16;2;9.065
0DC844D3D0CAED11A62CD892C0003F2A;FC081C55582CED11A62CD892C0003F2A;2025-07-29;1;4.611
0DED5A06D343FE1191EE106505001EB9;FC081C55582CED11A62CD892C0003F2A;2025-07-06;1;5.607
0E1AB8B035C26E1142D58A650500AD08;FC081C55582CED11A62CD892C0003F2A;2025-07-01;1;4.429
0E91BF666DC2DE11ADB3106505006EB8;FC081C55582CED11A62CD892C0003F2A;2025-07-03;1;6.688
0EE215B2E5CAFE11128010650500E819;FC081C55582CED11A62CD892C0003F2A;2025-07-09;1;6.893
0EFF7304D75F5E1142D58A6505008D08;FC081C55582CED11A62CD892C0003F2A;2025-07-01;1;5.129
0F021DCEB7788E11F243BB6505002E3B;FC081C55582CED11A62CD892C0003F2A;2025-07-19;3;14.065
0F0F9644B7F6FD110DC22A92C000D158;FC081C55582CED11A62CD892C0003F2A;2025-07-03;1;4.516
0F21F2340F0EEE1191EE1065050029B9;FC081C55582CED11A62CD892C0003F2A;2025-07-28;1;10.767
0F251C7F8D510F11112A674AC7E22989;FC081C55582CED11A62CD892C0003F2A;2025-07-23;1;8.458
0F80E81134250F114EF7A826072B0E89;FC081C55582CED11A62CD892C0003F2A;2025-07-08;7;40.000
0F943EB8AD7FFE11F1557891FE69A689;FC081C55582CED11A62CD892C0003F2A;2025-07-06;1;18.806
0FD20C1F21CAED11A62CD892C0003F2A;FC081C55582CED11A62CD892C0003F2A;2025-07-01;2;12.419
10238C43DC828E110223BB650500AAAA;FC081C55582CED11A62CD892C0003F2A;2025-07-01;2;10.000
1100819A08FCFD11A4A96492C000CB59;FC081C55582CED11A62CD892C0003F2A;2025-07-01;1;13.321
114E0CA235DFEE1191EE10650500A9B9;FC081C55582CED11A62CD892C0003F2A;2025-07-12;1;5.032
11970D706D399E11525010650500E94A;FC081C55582CED11A62CD892C0003F2A;2025-07-01;3;27.774
11A39B4ED0CAED11A62CD892C0003F2A;FC081C55582CED11A62CD892C0003F2A;2025-07-18;2;8.483
11D93E8BE3900F11F1557891FE690889;FC081C55582CED11A62CD892C0003F2A;2025-07-21;2;8.467
12196B9CB7788E11F243BB6505002E3B;FC081C55582CED11A62CD892C0003F2A;2025-07-10;1;7.741
125F7645BF13CE11877210650500A569;FC081C55582CED11A62CD892C0003F2A;2025-07-17;9;41.548
12936EC0C9B1EE114066106505001C4A;FC081C55582CED11A62CD892C0003F2A;2025-07-20;1;4.136
12B3B9080127DE11C846106505004F6A;FC081C55582CED11A62CD892C0003F2A;2025-07-19;1;5.839
12D1BB5665946E11B7B78A650500BC08;FC081C55582CED11A62CD892C0003F2A;2025-07-17;1;4.679
12F2B767A4661E1143F0668E4200EE89;FC081C55582CED11A62CD892C0003F2A;2025-07-06;1;7.619
131EEFEDEB088E11F243BB650500AD3B;FC081C55582CED11A62CD892C0003F2A;2025-07-03;3;16.161
14377D17C0CAED11A62CD892C0003F2A;FC081C55582CED11A62CD892C0003F2A;2025-07-01;1;4.172
1445D07598C6EE1191EE1065050086B9;FC081C55582CED11A62CD892C0003F2A;2025-07-01;4;21.645
14555EC934F3FE1191EE106505000FB9;FC081C55582CED11A62CD892C0003F2A;2025-07-08;4;19.677
14788295AE9BBE118772106505001C59;FC081C55582CED11A62CD892C0003F2A;2025-07-04;4;24.053
1507D9E07479FE11128010650500E819;FC081C55582CED11A62CD892C0003F2A;2025-07-01;1;4.484
15690B5B16F49E11554010650500DE3B;FC081C55582CED11A62CD892C0003F2A;2025-07-30;1;5.381
156EDA903A630F114EF7A826072BDB89;FC081C55582CED11A62CD892C0003F2A;2025-07-27;2;13.750
160CC8E80DCE6E11B7B78A6505008D08;FC081C55582CED11A62CD892C0003F2A;2025-07-23;1;4.452
1611AF91956BFD11A4A96492C000CB59;FC081C55582CED11A62CD892C0003F2A;2025-07-09;3;25.871
16283935E145DE11ADB310650500A1C8;FC081C55582CED11A62CD892C0003F2A;2025-07-27;1;4.387
164F77F4B8C50F114EF7A826072BDE89;FC081C55582CED11A62CD892C0003F2A;2025-07-24;2;10.176
17193D88252C9E11726010650500D84A;FC081C55582CED11A62CD892C0003F2A;2025-07-23;3;12.097
171DD4002978FE11128010650500D819;FC081C55582CED11A62CD892C0003F2A;2025-07-15;14;87.484
1745DD41E269DE11C84610650500227A;FC081C55582CED11A62CD892C0003F2A;2025-07-01;12;54.258
17A1D1D2432FFE11F1557891FE693689;FC081C55582CED11A62CD892C0003F2A;2025-07-01;2;14.097
17D0FAA95A530E11A4A96492C00008E9;FC081C55582CED11A62CD892C0003F2A;2025-07-20;1;7.581
17F107EA01CAED11A62CD892C0003F2A;FC081C55582CED11A62CD892C0003F2A;2025-07-27;2;11.323
17FA941B64F4DE11ADB31065050041C8;FC081C55582CED11A62CD892C0003F2A;2025-07-06;1;7.226
180519DFC0CAED11A62CD892C0003F2A;FC081C55582CED11A62CD892C0003F2A;2025-07-31;3;15.903
1816570B285CEE1191EE1065050029B9;FC081C55582CED11A62CD892C0003F2A;2025-07-03;4;18.742
182A8988394CDE11406610650500054A;FC081C55582CED11A62CD892C0003F2A;2025-07-08;2;8.071
18A7150C33844E1142D58A6505002C08;FC081C55582CED11A62CD892C0003F2A;2025-07-01;3;13.000
18E1F5071AF1EE114066106505007C4A;FC081C55582CED11A62CD892C0003F2A;2025-07-12;1;10.194
18E325DEC49E4E1142D58A650500BC08;FC081C55582CED11A62CD892C0003F2A;2025-07-01;1;24.355
199F0071FD94DE11ADB310650500D0C8;FC081C55582CED11A62CD892C0003F2A;2025-07-18;1;4.806
1A37955D82C5EE1191EE1065050045B9;FC081C55582CED11A62CD892C0003F2A;2025-07-24;23;110.581
1A8434DF20F05E1142D58A650500BC08;FC081C55582CED11A62CD892C0003F2A;2025-07-30;2;8.677
1A9E47EAD0CAED11A62CD892C0003F2A;FC081C55582CED11A62CD892C0003F2A;2025-07-01;3;31.581
1AA5057301CAED11A62CD892C0003F2A;FC081C55582CED11A62CD892C0003F2A;2025-07-12;3;12.692
1AE0B1F0DAA07E11B7B78A650500CD08;FC081C55582CED11A62CD892C0003F2A;2025-07-27;1;6.903
1B08ADF5E4F1CE118772106505002469;FC081C55582CED11A62CD892C0003F2A;2025-07-01;6;36.194
1B49BCD31AF1EE114066106505007C4A;FC081C55582CED11A62CD892C0003F2A;2025-07-15;1;5.774
1BAC24224C50EE114066106505005A4A;FC081C55582CED11A62CD892C0003F2A;2025-07-05;1;4.115
1BFF0450D0CAED11A62CD892C0003F2A;FC081C55582CED11A62CD892C0003F2A;2025-07-05;2;8.111
1C0B74D7D0CAED11A62CD892C0003F2A;FC081C55582CED11A62CD892C0003F2A;2025-07-21;2;8.226
1CA39A798D36DE11ADB310650500E2C8;FC081C55582CED11A62CD892C0003F2A;2025-07-31;1;7.452
1CD9B58A69EF0E1143F0668E42007A39;FC081C55582CED11A62CD892C0003F2A;2025-07-08;1;4.387
1CED8D0E0E809E11F243BB650500094B;FC081C55582CED11A62CD892C0003F2A;2025-07-18;3;13.161
1D0B74D7D0CAED11A62CD892C0003F2A;FC081C55582CED11A62CD892C0003F2A;2025-07-14;2;8.833
1D61935A6340FE1191EE106505003AB9;FC081C55582CED11A62CD892C0003F2A;2025-07-01;1;5.484
1D8A1418D50DEE1191EE1065050029B9;FC081C55582CED11A62CD892C0003F2A;2025-07-04;1;6.645
1DD6EA15A4BBAE11BE2110650500EF4A;FC081C55582CED11A62CD892C0003F2A;2025-07-01;2;11.161
1E0EC5DFFB8C2E11052F6792C000CF39;FC081C55582CED11A62CD892C0003F2A;2025-07-01;12;53.065
1E1C7FADCB804E1142D58A650500DB08;FC081C55582CED11A62CD892C0003F2A;2025-07-18;1;8.645
1E3B2E5B09DD9E117260106505000B4A;FC081C55582CED11A62CD892C0003F2A;2025-07-13;2;9.290
1E9974C898E3FE1191EE10650500FEB9;FC081C55582CED11A62CD892C0003F2A;2025-07-01;3;12.548
1ECE8753F0CAED11A62CD892C0003F2A;FC081C55582CED11A62CD892C0003F2A;2025-07-06;2;14.839
1F2ED4002978FE11128010650500D819;FC081C55582CED11A62CD892C0003F2A;2025-07-16;6;26.161
1F502728DF0EEE1191EE1065050029B9;FC081C55582CED11A62CD892C0003F2A;2025-07-21;2;15.548
1F6DBE0A81365E1142D58A650500DC08;FC081C55582CED11A62CD892C0003F2A;2025-07-01;11;49.710
1F980491AE3A7E110819BB65050039AA;FC081C55582CED11A62CD892C0003F2A;2025-07-19;1;5.000
1FC462F1CFB85E1142D58A650500DC08;FC081C55582CED11A62CD892C0003F2A;2025-07-01;2;16.645
202C9E6028407E11B7B78A650500CD08;FC081C55582CED11A62CD892C0003F2A;2025-07-01;1;10.161
205BCFB931CAED11A62CD892C0003F2A;FC081C55582CED11A62CD892C0003F2A;2025-07-15;2;9.968
207B139DC6616E1142D58A650500AD08;FC081C55582CED11A62CD892C0003F2A;2025-07-07;2;10.000
20962C928A460E11A4A96492C0004B38;FC081C55582CED11A62CD892C0003F2A;2025-07-06;1;9.129
21025B1157EA0E11A4A96492C0001269;FC081C55582CED11A62CD892C0003F2A;2025-07-01;3;16.968
210CC07C8523DE11ADB310650500DEB8;FC081C55582CED11A62CD892C0003F2A;2025-07-15;3;16.133
212CA6C22E130F114EF7A826072B7B89;FC081C55582CED11A62CD892C0003F2A;2025-07-14;1;6.419
217275ABC1A76E11B7B78A650500BC08;FC081C55582CED11A62CD892C0003F2A;2025-07-09;2;10.161
217742E5B0B3DE11ADB3106505008FB8;FC081C55582CED11A62CD892C0003F2A;2025-07-01;1;7.222
218133DEFE6CDE11406610650500354A;FC081C55582CED11A62CD892C0003F2A;2025-07-14;2;8.444
218F9081003ECE11ADB31065050008B8;FC081C55582CED11A62CD892C0003F2A;2025-07-01;2;9.258
21A46E240E3CEE1191EE1065050029B9;FC081C55582CED11A62CD892C0003F2A;2025-07-01;1;8.333
2269556C1FA50F114EF7A826072BBE89;FC081C55582CED11A62CD892C0003F2A;2025-07-15;2;10.174
2372D8A340CAED11A62CD892C0003F2A;FC081C55582CED11A62CD892C0003F2A;2025-07-07;1;6.613
239584FE0BAE3E11052F6792C000D249;FC081C55582CED11A62CD892C0003F2A;2025-07-21;1;8.100
247A7086F254DE11ADB31065050070C8;FC081C55582CED11A62CD892C0003F2A;2025-07-30;2;10.484
24F0639D26F49E11554010650500DE3B;FC081C55582CED11A62CD892C0003F2A;2025-07-30;1;7.500
252E9409EC14CE11877210650500E669;FC081C55582CED11A62CD892C0003F2A;2025-07-01;1;5.258
258012EF43E3DE11ADB310650500CFB8;FC081C55582CED11A62CD892C0003F2A;2025-07-31;12;52.484
25B52E05D80A6E11B7B78A650500BC08;FC081C55582CED11A62CD892C0003F2A;2025-07-27;1;5.258
25E9CC602E949E115540106505006E3B;FC081C55582CED11A62CD892C0003F2A;2025-07-01;2;10.194
2626E69C401ACE11ADB31065050062B8;FC081C55582CED11A62CD892C0003F2A;2025-07-01;1;5.032
26D0FAA95A530E11A4A96492C00008E9;FC081C55582CED11A62CD892C0003F2A;2025-07-20;1;6.500
27F3D4AEF77EFE11F1557891FE695589;FC081C55582CED11A62CD892C0003F2A;2025-07-31;2;8.645
27FBE5C39B46DE11ADB310650500F2C8;FC081C55582CED11A62CD892C0003F2A;2025-07-18;1;4.538
28122AB4BEA6DE11C84610650500BE6A;FC081C55582CED11A62CD892C0003F2A;2025-07-09;2;10.226
283C33146010FE1191EE10650500F9B9;FC081C55582CED11A62CD892C0003F2A;2025-07-08;1;5.065
2887C414C87A9E115250106505007B4A;FC081C55582CED11A62CD892C0003F2A;2025-07-01;2;33.143
28A3CCA43101AE117260106505001F4A;FC081C55582CED11A62CD892C0003F2A;2025-07-01;1;5.033
28C90F3FD7D9FE11128010650500E819;FC081C55582CED11A62CD892C0003F2A;2025-07-22;1;4.643
28CC8E31A0566E11B7B78A650500BC08;FC081C55582CED11A62CD892C0003F2A;2025-07-01;1;15.677
28E6CE56807ABE118772106505009A59;FC081C55582CED11A62CD892C0003F2A;2025-07-21;1;7.903
28EB97FD4443FE1191EE106505001EB9;FC081C55582CED11A62CD892C0003F2A;2025-07-07;1;5.387
28EF2CA7B7ABAE11BE2110650500DF4A;FC081C55582CED11A62CD892C0003F2A;2025-07-21;1;4.968
28F47CBC4101AE117260106505001F4A;FC081C55582CED11A62CD892C0003F2A;2025-07-03;1;6.613
2970DB32DCA2AE11726010650500315A;FC081C55582CED11A62CD892C0003F2A;2025-07-06;1;6.267
2972F770294CDE11406610650500054A;FC081C55582CED11A62CD892C0003F2A;2025-07-01;1;6.355
29D7334651CAED11A62CD892C0003F2A;FC081C55582CED11A62CD892C0003F2A;2025-07-01;1;10.581
2A0C517205ABEE1191EE1065050029B9;FC081C55582CED11A62CD892C0003F2A;2025-07-24;1;4.419
2A2183EF78EFCE11ADB3106505006AB8;FC081C55582CED11A62CD892C0003F2A;2025-07-10;4;47.968
2A3920F9AD6CEE1191EE1065050029B9;FC081C55582CED11A62CD892C0003F2A;2025-07-20;1;4.042
2A68E6E4C80CEE1191EE1065050029B9;FC081C55582CED11A62CD892C0003F2A;2025-07-24;1;4.107
2A99396DD0F6EE1191EE1065050096B9;FC081C55582CED11A62CD892C0003F2A;2025-07-01;2;8.600
2AAB0F43D0CAED11A62CD892C0003F2A;FC081C55582CED11A62CD892C0003F2A;2025-07-01;2;16.806
2AC3D6501EE5BE11BE2110650500EC5A;FC081C55582CED11A62CD892C0003F2A;2025-07-03;3;13.419
2B072990E029DE11C84610650500D17A;FC081C55582CED11A62CD892C0003F2A;2025-07-01;1;4.903
2BAF8A5FC0CAED11A62CD892C0003F2A;FC081C55582CED11A62CD892C0003F2A;2025-07-07;3;13.387
2BBBC7E844269E11554010650500604B;FC081C55582CED11A62CD892C0003F2A;2025-07-22;2;11.774
2BBDE198B7788E11F243BB6505002E3B;FC081C55582CED11A62CD892C0003F2A;2025-07-03;1;5.452
2BFD49D87983FD110DC22A92C000C499;FC081C55582CED11A62CD892C0003F2A;2025-07-01;2;11.065
2CAFBCF957D3AE11726010650500B25A;FC081C55582CED11A62CD892C0003F2A;2025-07-01;1;6.645
2CC5F1339D2ECE11ADB31065050008B8;FC081C55582CED11A62CD892C0003F2A;2025-07-06;1;5.407
2CE86D77DD12EE11406610650500AC4A;FC081C55582CED11A62CD892C0003F2A;2025-07-01;4;16.645
2D4B26118EEC9E11726010650500D94A;FC081C55582CED11A62CD892C0003F2A;2025-07-01;1;4.935
2DBDC7718FB3AE11726010650500925A;FC081C55582CED11A62CD892C0003F2A;2025-07-12;2;9.083
2DD3059A14AF6E11B7B78A650500CD08;FC081C55582CED11A62CD892C0003F2A;2025-07-02;3;14.452
2DF0631100C01E1143F0668E42008C3B;FC081C55582CED11A62CD892C0003F2A;2025-07-28;1;7.161
2E0702DFAA5DCE11ADB310650500E6B8;FC081C55582CED11A62CD892C0003F2A;2025-07-29;1;4.200
2E12188C91D5AE11BE2110650500684A;FC081C55582CED11A62CD892C0003F2A;2025-07-05;1;5.875
2E196E119CA3DE11ADB3106505008FB8;FC081C55582CED11A62CD892C0003F2A;2025-07-12;5;38.545
2E43974504430F114EF7A826072BAB89;FC081C55582CED11A62CD892C0003F2A;2025-07-04;2;9.429
2EBF1EC7A570AE117260106505006E4A;FC081C55582CED11A62CD892C0003F2A;2025-07-17;2;9.516
2EC8CA063E7E4E1142D58A650500BC08;FC081C55582CED11A62CD892C0003F2A;2025-07-11;1;4.174
2ED077151EDEFE11F1557891FE69D589;FC081C55582CED11A62CD892C0003F2A;2025-07-01;7;37.452
2ED3F8A3BD74AE11726010650500835A;FC081C55582CED11A62CD892C0003F2A;2025-07-20;1;5.548
2EE38C03421ADE11406610650500024A;FC081C55582CED11A62CD892C0003F2A;2025-07-21;1;4.065
2EE711AABB427E11B7B78A650500CD08;FC081C55582CED11A62CD892C0003F2A;2025-07-01;2;15.607
2F1087E432760E11A4A96492C0004B38;FC081C55582CED11A62CD892C0003F2A;2025-07-03;1;5.581
2FBDE941BE31FE1191EE106505007BB9;FC081C55582CED11A62CD892C0003F2A;2025-07-21;3;20.677
2FD20C1F21CAED11A62CD892C0003F2A;FC081C55582CED11A62CD892C0003F2A;2025-07-01;7;32.097
2FD20E8773D0DE11ADB310650500BBB8;FC081C55582CED11A62CD892C0003F2A;2025-07-09;10;43.161
2FE1FA0473F7DE11C84610650500507A;FC081C55582CED11A62CD892C0003F2A;2025-07-07;3;16.194
3093F37765D65E1142D58A650500DC08;FC081C55582CED11A62CD892C0003F2A;2025-07-01;2;8.548
30A37BDB0F7DFD11A4A96492C0006D28;FC081C55582CED11A62CD892C0003F2A;2025-07-15;3;12.839
30BA1BB79FD1DE11ADB3106505003DB8;FC081C55582CED11A62CD892C0003F2A;2025-07-09;1;4.871
31080A45A1B40F114EF7A826072B7D89;FC081C55582CED11A62CD892C0003F2A;2025-07-04;1;11.300
318B9260A019FE11128010650500E819;FC081C55582CED11A62CD892C0003F2A;2025-07-15;1;5.839
31A39B4ED0CAED11A62CD892C0003F2A;FC081C55582CED11A62CD892C0003F2A;2025-07-15;2;9.241
31B77FD4337EFE11F1557891FE695589;FC081C55582CED11A62CD892C0003F2A;2025-07-01;2;12.129
31E0A6E1236BCE11ADB31065050034B8;FC081C55582CED11A62CD892C0003F2A;2025-07-26;2;8.645
31F12591DA5C7E110819BB65050039AA;FC081C55582CED11A62CD892C0003F2A;2025-07-15;2;8.040
320CBAFEC9B7FE1191EE10650500F3C9;FC081C55582CED11A62CD892C0003F2A;2025-07-10;1;7.129
32C1115C9B8BEE1191EE1065050029B9;FC081C55582CED11A62CD892C0003F2A;2025-07-31;1;5.821
330A664F4EF9FE11128010650500E819;FC081C55582CED11A62CD892C0003F2A;2025-07-26;1;4.897
33A6D553C6D46E11B7B78A650500BC08;FC081C55582CED11A62CD892C0003F2A;2025-07-04;1;5.516
33C22B0B03D2FE1191EE106505007DB9;FC081C55582CED11A62CD892C0003F2A;2025-07-11;1;5.258
34033A80E0CAED11A62CD892C0003F2A;FC081C55582CED11A62CD892C0003F2A;2025-07-28;1;4.581
343D0636E8F19E11554010650500DA3B;FC081C55582CED11A62CD892C0003F2A;2025-07-03;15;60.419
3460F0B96AA06E1142D58A650500AD08;FC081C55582CED11A62CD892C0003F2A;2025-07-01;1;7.677
351D551C5BF5CE11ADB3106505007DA8;FC081C55582CED11A62CD892C0003F2A;2025-07-24;1;7.355
356C2A2239240F114EF7A826072BCC89;FC081C55582CED11A62CD892C0003F2A;2025-07-27;1;7.471
356EF71734A40F114EF7A826072B6D89;FC081C55582CED11A62CD892C0003F2A;2025-07-01;1;5.839
35E0CAAFCDE2BE11BE2110650500195A;FC081C55582CED11A62CD892C0003F2A;2025-07-01;1;5.516
362AD5378009FE11128010650500D819;FC081C55582CED11A62CD892C0003F2A;2025-07-12;3;12.323
363D2942599EFE11F1557891FE698589;FC081C55582CED11A62CD892C0003F2A;2025-07-14;1;6.933
365FCDE248F20F114EF7A826072B4B89;FC081C55582CED11A62CD892C0003F2A;2025-07-21;2;8.185
36AC293D8EA23E11052F6792C000CF39;FC081C55582CED11A62CD892C0003F2A;2025-07-01;1;10.387
36B5ED3878DDDE11406610650500074A;FC081C55582CED11A62CD892C0003F2A;2025-07-01;1;9.400
36C279B05FAAFE11128010650500E819;FC081C55582CED11A62CD892C0003F2A;2025-07-02;3;14.452
372B22D501CAED11A62CD892C0003F2A;FC081C55582CED11A62CD892C0003F2A;2025-07-01;1;6.452
377C112B8B458E113835BB6505001EAA;FC081C55582CED11A62CD892C0003F2A;2025-07-22;1;4.903
38600091046B3E11052F6792C000D249;FC081C55582CED11A62CD892C0003F2A;2025-07-09;4;18.742
387233DCCE80FE1191EE106505009AB9;FC081C55582CED11A62CD892C0003F2A;2025-07-10;2;11.290
38C8F15F7742EE11406610650500DC4A;FC081C55582CED11A62CD892C0003F2A;2025-07-01;1;14.087
38C949A50FBBEE1191EE1065050029B9;FC081C55582CED11A62CD892C0003F2A;2025-07-15;1;4.097
392601DEA199FD11A4A96492C0006F3B;FC081C55582CED11A62CD892C0003F2A;2025-07-27;1;4.226
393B26E1E849EE1191EE1065050009B9;FC081C55582CED11A62CD892C0003F2A;2025-07-13;3;12.774
395E9EEEDD500F11F1557891FE69C789;FC081C55582CED11A62CD892C0003F2A;2025-07-01;3;23.462
396565B5B0CBFE111280106505000919;FC081C55582CED11A62CD892C0003F2A;2025-07-30;1;4.258
39767FA96A1B8E11F243BB650500814B;FC081C55582CED11A62CD892C0003F2A;2025-07-09;3;17.548
398DD4002978FE11128010650500D819;FC081C55582CED11A62CD892C0003F2A;2025-07-01;1;19.935
3A652E2659E9FD11A4A96492C0006F3B;FC081C55582CED11A62CD892C0003F2A;2025-07-26;1;5.286
3A83F8FA1BE1DE11ADB3106505004DB8;FC081C55582CED11A62CD892C0003F2A;2025-07-16;2;11.065
3A8FE3866C143E11052F6792C000FF39;FC081C55582CED11A62CD892C0003F2A;2025-07-26;1;5.032
3AA84F16327EAE11BE2110650500635A;FC081C55582CED11A62CD892C0003F2A;2025-07-21;1;4.793
3B33ADA2A0FE5E1142D58A6505006D08;FC081C55582CED11A62CD892C0003F2A;2025-07-07;1;7.032
3B4784AC1A5FFE11F1557891FE697689;FC081C55582CED11A62CD892C0003F2A;2025-07-01;1;6.161
3B4F3575178B3E11052F6792C000D249;FC081C55582CED11A62CD892C0003F2A;2025-07-06;3;12.774
3B61F8905918DE11C84610650500807A;FC081C55582CED11A62CD892C0003F2A;2025-07-31;1;6.129
3B6C5A1A13080E11A4A96492C00009EB;FC081C55582CED11A62CD892C0003F2A;2025-07-30;2;9.267
3BBCE05C41446E11B7B78A650500BC08;FC081C55582CED11A62CD892C0003F2A;2025-07-16;1;5.433
3BCB853456E28E110223BB6505001BAA;FC081C55582CED11A62CD892C0003F2A;2025-07-25;1;11.839
3CE3B6169E338E117E64BB6505007BAA;FC081C55582CED11A62CD892C0003F2A;2025-07-20;1.000;7.250
3CE77FFF99C61E1143F0668E4200EE89;FC081C55582CED11A62CD892C0003F2A;2025-07-15;1;5.613
3D04F268651ECE11ADB310650500E7B8;FC081C55582CED11A62CD892C0003F2A;2025-07-07;6;25.871
3D388DD72B674E1142D58A6505002C08;FC081C55582CED11A62CD892C0003F2A;2025-07-24;1;4.290
3D623D8F87E88E11F243BB650500BE3B;FC081C55582CED11A62CD892C0003F2A;2025-07-16;2;9.387
3D963A89DBB1EE114066106505001C4A;FC081C55582CED11A62CD892C0003F2A;2025-07-15;2;11.710
3DC11A5F6DE6DE11C846106505000F6A;FC081C55582CED11A62CD892C0003F2A;2025-07-01;1;4.806
3DD574944E462E1143F0668E420006EB;FC081C55582CED11A62CD892C0003F2A;2025-07-15;1;4.560
3DFD8D7C7FBBEE1191EE1065050029B9;FC081C55582CED11A62CD892C0003F2A;2025-07-28;1;5.226
3E07CDA152FD4E1142D58A650500BC08;FC081C55582CED11A62CD892C0003F2A;2025-07-14;1;4.444
3E2E841399B1EE114066106505001C4A;FC081C55582CED11A62CD892C0003F2A;2025-07-06;1;8.800
3E400D8FF6276E11B7B78A650500BC08;FC081C55582CED11A62CD892C0003F2A;2025-07-09;1;5.903
3E7842E6A642EE11406610650500DC4A;FC081C55582CED11A62CD892C0003F2A;2025-07-05;2;14.577
3ECD056BDFDD2E11052F6792C000CF39;FC081C55582CED11A62CD892C0003F2A;2025-07-06;1;5.710
3F1AD9D6D0CAED11A62CD892C0003F2A;FC081C55582CED11A62CD892C0003F2A;2025-07-18;1;7.846
3F6785D8D0CAED11A62CD892C0003F2A;FC081C55582CED11A62CD892C0003F2A;2025-07-01;1;10.645
3FAA1F0AFC027E11B7B78A650500CD08;FC081C55582CED11A62CD892C0003F2A;2025-07-01;1;37.125
3FB2EFD32AF1EE114066106505007C4A;FC081C55582CED11A62CD892C0003F2A;2025-07-06;3;12.182
3FF1CBD6B2ACEE1191EE1065050029B9;FC081C55582CED11A62CD892C0003F2A;2025-07-22;1;4.871
40066CA864485E1142D58A650500DC08;FC081C55582CED11A62CD892C0003F2A;2025-07-01;1;8.742
4049248CF5802E1143F0668E4200C71A;FC081C55582CED11A62CD892C0003F2A;2025-07-06;2;8.323
406F525E25DFEE1191EE10650500A9B9;FC081C55582CED11A62CD892C0003F2A;2025-07-15;1;4.484
408DC4CD452EEE1191EE1065050029B9;FC081C55582CED11A62CD892C0003F2A;2025-07-01;3;22.290
40B9D57B0141FE1191EE106505007BB9;FC081C55582CED11A62CD892C0003F2A;2025-07-06;1;7.129
40E8254C9CDFCE11ADB3106505005AB8;FC081C55582CED11A62CD892C0003F2A;2025-07-09;4;20.194
412405F6DED4DE11ADB31065050021C8;FC081C55582CED11A62CD892C0003F2A;2025-07-21;1;4.065
416177151EDEFE11F1557891FE69D589;FC081C55582CED11A62CD892C0003F2A;2025-07-01;4;22.903
41A756372C1B9E115250106505004C4A;FC081C55582CED11A62CD892C0003F2A;2025-07-01;1;5.871
41B3034C4B100E11A4A96492C0002019;FC081C55582CED11A62CD892C0003F2A;2025-07-01;1;4.733
41CAE7C0F4582E11052F6792C0007F39;FC081C55582CED11A62CD892C0003F2A;2025-07-17;1;4.111
41CC16750259FD11A4A96492C0006F3B;FC081C55582CED11A62CD892C0003F2A;2025-07-01;1;10.935
421962B377B40E11A4A96492C000067B;FC081C55582CED11A62CD892C0003F2A;2025-07-10;2;8.258
4268C62B5366EE1191EE1065050016B9;FC081C55582CED11A62CD892C0003F2A;2025-07-17;3;18.111
42B0BB5F01CAED11A62CD892C0003F2A;FC081C55582CED11A62CD892C0003F2A;2025-07-30;2;8.710
42DD54E5D0CAED11A62CD892C0003F2A;FC081C55582CED11A62CD892C0003F2A;2025-07-26;1;4.097
42FE14628918DE11C84610650500807A;FC081C55582CED11A62CD892C0003F2A;2025-07-31;1;6.452
4306E2D6F4F98E11F243BB650500104B;FC081C55582CED11A62CD892C0003F2A;2025-07-15;1;5.065
4331DC18704C2E11052F6792C000CF39;FC081C55582CED11A62CD892C0003F2A;2025-07-06;3;13.032
434A2C84FAAF4E1142D58A650500BC08;FC081C55582CED11A62CD892C0003F2A;2025-07-10;1;4.355
43533C293277BE11877210650500C659;FC081C55582CED11A62CD892C0003F2A;2025-07-11;1;6.161
4371A3E4D81E4E1142D58A650500BC08;FC081C55582CED11A62CD892C0003F2A;2025-07-13;1;4.935
43DC7C2BDCFDFD11A4A96492C0006D28;FC081C55582CED11A62CD892C0003F2A;2025-07-06;1;6.280
4405D5043A33BE11BE2110650500795A;FC081C55582CED11A62CD892C0003F2A;2025-07-01;2;15.097
446C9C199B427E11B7B78A650500CD08;FC081C55582CED11A62CD892C0003F2A;2025-07-01;2;13.600
446FDA670B34DE11ADB31065050050C8;FC081C55582CED11A62CD892C0003F2A;2025-07-13;1;5.333
44F6FD2594D3DE11ADB310650500BFB8;FC081C55582CED11A62CD892C0003F2A;2025-07-29;1;6.387
453318EF9BE0CE11877210650500D269;FC081C55582CED11A62CD892C0003F2A;2025-07-01;1;4.387
4544DE59DD7ABE11877210650500AA59;FC081C55582CED11A62CD892C0003F2A;2025-07-21;5;21.903
45B6FB77D1A69E11554010650500014B;FC081C55582CED11A62CD892C0003F2A;2025-07-09;1;10.226
45C26A0553435E1142D58A650500DC08;FC081C55582CED11A62CD892C0003F2A;2025-07-06;2;8.484
45C3A7D674DDFE11F1557891FE698489;FC081C55582CED11A62CD892C0003F2A;2025-07-09;2;8.960
4616992BD0758E113835BB6505004EAA;FC081C55582CED11A62CD892C0003F2A;2025-07-06;2;11.290
468337CD542CAE11BE2110650500705A;FC081C55582CED11A62CD892C0003F2A;2025-07-13;7;38.323
469AF7ADCC15EE11B1AD10650500C8EA;FC081C55582CED11A62CD892C0003F2A;2025-07-09;2;9.968
46B486E755C45E1142D58A650500DC08;FC081C55582CED11A62CD892C0003F2A;2025-07-01;2;36.903
46C05F4DCA827E11B7B78A650500DD08;FC081C55582CED11A62CD892C0003F2A;2025-07-31;0.28;1.764
46C66CB929DA3E11052F6792C000D249;FC081C55582CED11A62CD892C0003F2A;2025-07-06;3;22.323
46D6A89A25DFEE1191EE10650500A9B9;FC081C55582CED11A62CD892C0003F2A;2025-07-08;1;5.000
4701451DDD30DE11ADB310650500EAB8;FC081C55582CED11A62CD892C0003F2A;2025-07-03;11;46.935
470D0987256EEE1191EE1065050029B9;FC081C55582CED11A62CD892C0003F2A;2025-07-06;1;5.097
47125DEAC3D67E11B7B78A650500ED08;FC081C55582CED11A62CD892C0003F2A;2025-07-01;5;37.323
47D99E6F430ACE11ADB31065050052B8;FC081C55582CED11A62CD892C0003F2A;2025-07-03;6;24.077
47F22B0B03D2FE1191EE106505007DB9;FC081C55582CED11A62CD892C0003F2A;2025-07-20;2;8.233
47FFFCCDD0CAED11A62CD892C0003F2A;FC081C55582CED11A62CD892C0003F2A;2025-07-01;1;8.182
481D84BB0F70DE11ADB3106505004BB8;FC081C55582CED11A62CD892C0003F2A;2025-07-18;1;7.611
4852A521201ACE11ADB31065050062B8;FC081C55582CED11A62CD892C0003F2A;2025-07-21;1;6.900
487543CE966ACE11ADB310650500D2B8;FC081C55582CED11A62CD892C0003F2A;2025-07-06;1;4.355
48A6A05B45DFEE1191EE10650500A9B9;FC081C55582CED11A62CD892C0003F2A;2025-07-15;3;14.806
497EC6546717FE1191EE1065050023C9;FC081C55582CED11A62CD892C0003F2A;2025-07-06;2;12.710
49D52F15E0CAED11A62CD892C0003F2A;FC081C55582CED11A62CD892C0003F2A;2025-07-27;1;5.296
49EBF510F76DCE11ADB310650500F6B8;FC081C55582CED11A62CD892C0003F2A;2025-07-19;2;9.484
4A873A50AD32BE11BE2110650500385A;FC081C55582CED11A62CD892C0003F2A;2025-07-08;2;10.161
4B17EDADD6CCDE11406610650500A54A;FC081C55582CED11A62CD892C0003F2A;2025-07-25;2;12.258
4B3D96F436A0EE11406610650500BA4A;FC081C55582CED11A62CD892C0003F2A;2025-07-01;1;5.516
4B83F4F62B06DE11ADB310650500A2C8;FC081C55582CED11A62CD892C0003F2A;2025-07-24;1;8.194
4B8779C141CAED11A62CD892C0003F2A;FC081C55582CED11A62CD892C0003F2A;2025-07-28;1;4.194
4C4051DB08300F11F1557891FE699789;FC081C55582CED11A62CD892C0003F2A;2025-07-08;1;4.233
4C55B3969942FE1191EE10650500CCB9;FC081C55582CED11A62CD892C0003F2A;2025-07-01;1;4.742
4C9ADB3231CAED11A62CD892C0003F2A;FC081C55582CED11A62CD892C0003F2A;2025-07-08;2;8.677
4CBA894198B37E11B7B78A650500DD08;FC081C55582CED11A62CD892C0003F2A;2025-07-15;1;4.032
4DA39417C6730F1158A3BB3DBE8EEB89;FC081C55582CED11A62CD892C0003F2A;2025-07-29;1;4.290
4DA5E4036085FD110DC22A92C000D158;FC081C55582CED11A62CD892C0003F2A;2025-07-01;2;13.258
4DED4C69ED22FE1191EE10650500ACB9;FC081C55582CED11A62CD892C0003F2A;2025-07-01;5;26.419
4E5C53538ABAFE11128010650500E819;FC081C55582CED11A62CD892C0003F2A;2025-07-01;9;43.950
4E5EB1884E012E1143F0668E4200C71A;FC081C55582CED11A62CD892C0003F2A;2025-07-05;2;11.111
4E7DF767DAA07E11B7B78A650500CD08;FC081C55582CED11A62CD892C0003F2A;2025-07-25;1;5.258
4E933700D1256E11B7B78A650500BC08;FC081C55582CED11A62CD892C0003F2A;2025-07-08;1;6.129
4EBB986533C85E1142D58A650500DC08;FC081C55582CED11A62CD892C0003F2A;2025-07-01;3;14.452
4F7F1DA135520F114EF7A826072B7A89;FC081C55582CED11A62CD892C0003F2A;2025-07-30;1;5.613
4F8F80BCACD75E1142D58A650500DC08;FC081C55582CED11A62CD892C0003F2A;2025-07-09;1;6.846
4F9F5CBB1970BE11BE2110650500F55A;FC081C55582CED11A62CD892C0003F2A;2025-07-31;3;12.774
4FA7C21CDF7EFE11F1557891FE696589;FC081C55582CED11A62CD892C0003F2A;2025-07-01;1;5.355
4FB8FAED3EE2BE11BE2110650500195A;FC081C55582CED11A62CD892C0003F2A;2025-07-26;1;5.032
4FC8FECA2705EE11B1AD10650500A8EA;FC081C55582CED11A62CD892C0003F2A;2025-07-06;1;4.806
505764FBF7138E110223BB6505005BAA;FC081C55582CED11A62CD892C0003F2A;2025-07-14;1;4.774
50A39B4ED0CAED11A62CD892C0003F2A;FC081C55582CED11A62CD892C0003F2A;2025-07-19;2;8.172
51140DB46D79FE11128010650500E819;FC081C55582CED11A62CD892C0003F2A;2025-07-15;1;6.231
517785D8D0CAED11A62CD892C0003F2A;FC081C55582CED11A62CD892C0003F2A;2025-07-23;2;10.080
5178C674BB596E11B7B78A650500BC08;FC081C55582CED11A62CD892C0003F2A;2025-07-01;2;11.320
51DF1C876BA4DE11ADB310650500E0C8;FC081C55582CED11A62CD892C0003F2A;2025-07-12;1;4.355
52ABCA1074F4DE11ADB31065050041C8;FC081C55582CED11A62CD892C0003F2A;2025-07-18;2;9.111
52B202A54AB1EE114066106505001C4A;FC081C55582CED11A62CD892C0003F2A;2025-07-02;3;13.806
52BC0A2547FF4E1142D58A650500BC08;FC081C55582CED11A62CD892C0003F2A;2025-07-01;37;353.065
52F6D6BE2277BE11877210650500C659;FC081C55582CED11A62CD892C0003F2A;2025-07-01;2;14.185
53042786759BDE11406610650500144A;FC081C55582CED11A62CD892C0003F2A;2025-07-17;1;6.833
536AB7B500556E11B7B78A650500BC08;FC081C55582CED11A62CD892C0003F2A;2025-07-31;2;11.452
538949F51CC46E11B7B78A650500BC08;FC081C55582CED11A62CD892C0003F2A;2025-07-31;1;4.065
53B6EB4951CAED11A62CD892C0003F2A;FC081C55582CED11A62CD892C0003F2A;2025-07-01;2;8.452
53DACBAE8AA4DE11ADB310650500E0C8;FC081C55582CED11A62CD892C0003F2A;2025-07-01;2;9.387
540EF294E0758E113835BB6505004EAA;FC081C55582CED11A62CD892C0003F2A;2025-07-01;6;25.935
54153956EFCEFE11F1557891FE69C589;FC081C55582CED11A62CD892C0003F2A;2025-07-25;1;6.654
5450B5F648A0EE11406610650500BA4A;FC081C55582CED11A62CD892C0003F2A;2025-07-13;3;12.097
546B556D699F7E110819BB65050039AA;FC081C55582CED11A62CD892C0003F2A;2025-07-06;1;4.600
547A48FB6946DE11ADB310650500F2C8;FC081C55582CED11A62CD892C0003F2A;2025-07-01;1;12.161
54E515C781CAED11A62CD892C0003F2A;FC081C55582CED11A62CD892C0003F2A;2025-07-01;1;7.968
54EFD822578B3E11052F6792C000D249;FC081C55582CED11A62CD892C0003F2A;2025-07-07;8;33.161
5517F532E2A6DE11ADB31065050063C8;FC081C55582CED11A62CD892C0003F2A;2025-07-01;1;11.323
5533473BAD2ECE11ADB31065050008B8;FC081C55582CED11A62CD892C0003F2A;2025-07-12;6;24.630
557A77A2EFEBDE11406610650500844A;FC081C55582CED11A62CD892C0003F2A;2025-07-01;1;4.323
55DA3762094CDE11406610650500054A;FC081C55582CED11A62CD892C0003F2A;2025-07-06;2;8.129
55EACCA36978FE11128010650500D819;FC081C55582CED11A62CD892C0003F2A;2025-07-03;4;19.419
55FBE33DB7329E115540106505004B3B;FC081C55582CED11A62CD892C0003F2A;2025-07-14;1;4.176
56181BDBAB4B3E11052F6792C000D249;FC081C55582CED11A62CD892C0003F2A;2025-07-07;1;4.586
56E316FBBD1EFE11F1557891FE69E489;FC081C55582CED11A62CD892C0003F2A;2025-07-30;4;18.613
5742DA549832FE1191EE10650500BCB9;FC081C55582CED11A62CD892C0003F2A;2025-07-29;2;8.290
5773E0321577DE11C84610650500BF6A;FC081C55582CED11A62CD892C0003F2A;2025-07-05;5;25.387
57F107EA01CAED11A62CD892C0003F2A;FC081C55582CED11A62CD892C0003F2A;2025-07-20;1;4.903
57F9C092BA278E11F243BB6505008C3B;FC081C55582CED11A62CD892C0003F2A;2025-07-01;6;81.129
5858DB7348F20F114EF7A826072B4B89;FC081C55582CED11A62CD892C0003F2A;2025-07-08;1;4.667
58912ECAABD17E11B7B78A650500CD08;FC081C55582CED11A62CD892C0003F2A;2025-07-27;3;14.516
598D11C11B278E11F243BB6505008C3B;FC081C55582CED11A62CD892C0003F2A;2025-07-01;5;20.645
5A3157C63E000E11A4A96492C0002019;FC081C55582CED11A62CD892C0003F2A;2025-07-17;1;8.323
5A5627ADC0CAED11A62CD892C0003F2A;FC081C55582CED11A62CD892C0003F2A;2025-07-28;1;5.548
5A70E9491E17CE11ADB3106505009EA8;FC081C55582CED11A62CD892C0003F2A;2025-07-11;12;48.613
5AA5057301CAED11A62CD892C0003F2A;FC081C55582CED11A62CD892C0003F2A;2025-07-24;1;5.750
5AEC2C1F68DDCE11ADB31065050097B8;FC081C55582CED11A62CD892C0003F2A;2025-07-11;1;8.667
5B01971DFC9DEE1191EE1065050029B9;FC081C55582CED11A62CD892C0003F2A;2025-07-25;1;4.258
5BFD49D87983FD110DC22A92C000C499;FC081C55582CED11A62CD892C0003F2A;2025-07-01;1;5.552
5BFF0450D0CAED11A62CD892C0003F2A;FC081C55582CED11A62CD892C0003F2A;2025-07-22;1;7.839
5C6FFA221CA75E1142D58A650500DC08;FC081C55582CED11A62CD892C0003F2A;2025-07-18;1;5.808
5C90702712B10F114EF7A826072BA989;FC081C55582CED11A62CD892C0003F2A;2025-07-01;2;17.323
5C9E47EAD0CAED11A62CD892C0003F2A;FC081C55582CED11A62CD892C0003F2A;2025-07-05;2;9.516
5D3EFD406D6CCE11ADB310650500A5B8;FC081C55582CED11A62CD892C0003F2A;2025-07-29;2;8.452
5D7D9C4235DFEE1191EE10650500A9B9;FC081C55582CED11A62CD892C0003F2A;2025-07-05;1;4.258
5D9B2D2C50C1CE11877210650500E369;FC081C55582CED11A62CD892C0003F2A;2025-07-01;2;24.290
5EAA17C65FE39E115540106505007D3B;FC081C55582CED11A62CD892C0003F2A;2025-07-27;2;9.000
5F61BD434974EE11B1AD10650500F7EA;FC081C55582CED11A62CD892C0003F2A;2025-07-01;1;11.613
5F84CC30B1A83E11052F6792C000B249;FC081C55582CED11A62CD892C0003F2A;2025-07-07;2;9.516
5FA2D4AEF77EFE11F1557891FE695589;FC081C55582CED11A62CD892C0003F2A;2025-07-13;1;5.733
5FAD27877EFA8E11F243BB650500614B;FC081C55582CED11A62CD892C0003F2A;2025-07-01;1;11.818
5FBC3D8B0F7E4E1142D58A650500BC08;FC081C55582CED11A62CD892C0003F2A;2025-07-16;2;9.194
5FC78E8A9443BE11BE2110650500895A;FC081C55582CED11A62CD892C0003F2A;2025-07-01;2;8.613
5FEC64F80B18DE11C84610650500807A;FC081C55582CED11A62CD892C0003F2A;2025-07-26;1;4.179
5FFE8F24111EAE11BE2110650500E25A;FC081C55582CED11A62CD892C0003F2A;2025-07-31;1;5.065
602F795CD0CAED11A62CD892C0003F2A;FC081C55582CED11A62CD892C0003F2A;2025-07-01;2;13.258
608F67BF048FCE11ADB310650500D9B8;FC081C55582CED11A62CD892C0003F2A;2025-07-16;1;4.323
60B762BAE497AE11BE2110650500AA4A;FC081C55582CED11A62CD892C0003F2A;2025-07-01;2;17.000
610D2B313FEE4E1142D58A650500BC08;FC081C55582CED11A62CD892C0003F2A;2025-07-01;1;5.040
6126BE7EF77EFE11F1557891FE695589;FC081C55582CED11A62CD892C0003F2A;2025-07-21;1;5.000
61A3EEC93EAFFE11F1557891FE69E689;FC081C55582CED11A62CD892C0003F2A;2025-07-30;1;7.267
61C50DD90A59AE11BE2110650500EC4A;FC081C55582CED11A62CD892C0003F2A;2025-07-06;7;28.613
61DE2A4F6B1C6E11B7B78A650500BC08;FC081C55582CED11A62CD892C0003F2A;2025-07-28;1;4.387
62963B5AFB8BDE11406610650500044A;FC081C55582CED11A62CD892C0003F2A;2025-07-19;1;4.579
62D988FE84F59E11554010650500204B;FC081C55582CED11A62CD892C0003F2A;2025-07-01;4;17.355
6319DD09C95D6E11B7B78A650500BC08;FC081C55582CED11A62CD892C0003F2A;2025-07-27;1;15.419
6354EC21212FEE1191EE1065050029B9;FC081C55582CED11A62CD892C0003F2A;2025-07-29;1;7.355
638095B234D04E1142D58A650500DB08;FC081C55582CED11A62CD892C0003F2A;2025-07-07;3;19.828
63D0A049DDF39E115540106505008D3B;FC081C55582CED11A62CD892C0003F2A;2025-07-12;1;5.750
63EEFCBB059BDE11406610650500144A;FC081C55582CED11A62CD892C0003F2A;2025-07-28;4;16.548
63F804ECAD62FE1191EE10650500FCB9;FC081C55582CED11A62CD892C0003F2A;2025-07-06;2;9.310
640BF153001B1E1143F0668E4200EF5A;FC081C55582CED11A62CD892C0003F2A;2025-07-07;4;22.839
641DDD8EBAC9FE11128010650500E819;FC081C55582CED11A62CD892C0003F2A;2025-07-01;3;18.581
64962EC9E6E66E11B7B78A650500BC08;FC081C55582CED11A62CD892C0003F2A;2025-07-06;2;9.774
64E177151EDEFE11F1557891FE69D589;FC081C55582CED11A62CD892C0003F2A;2025-07-01;4;17.161
6545C70B00CAED11A62CD892C0003F2A;FC081C55582CED11A62CD892C0003F2A;2025-07-01;2;8.677
65551C7F8D510F11112A674AC7E22989;FC081C55582CED11A62CD892C0003F2A;2025-07-01;2;9.452
65D45D5F596C8E11F243BB650500734B;FC081C55582CED11A62CD892C0003F2A;2025-07-01;1;7.290
65EE147F8D43EE11B1AD1065050076EA;FC081C55582CED11A62CD892C0003F2A;2025-07-09;1;6.258
661CD5DA0B156E11B7B78A650500BC08;FC081C55582CED11A62CD892C0003F2A;2025-07-08;21;89.935
6629351F31106E1142D58A650500AD08;FC081C55582CED11A62CD892C0003F2A;2025-07-24;1;7.000
66423320BFD9DE11406610650500C14A;FC081C55582CED11A62CD892C0003F2A;2025-07-26;2;8.258
66647B48256EEE1191EE1065050029B9;FC081C55582CED11A62CD892C0003F2A;2025-07-16;1;5.905
666F71CC31DBBE118772106505005C59;FC081C55582CED11A62CD892C0003F2A;2025-07-01;2;8.839
66BEE3279580BE11BE2110650500065A;FC081C55582CED11A62CD892C0003F2A;2025-07-14;1;4.273
66F049FF95939E115540106505000D3B;FC081C55582CED11A62CD892C0003F2A;2025-07-31;1;5.806
6723632BCA248E113835BB650500ACAA;FC081C55582CED11A62CD892C0003F2A;2025-07-28;2;15.600
6724133ED547DE11C846106505007F6A;FC081C55582CED11A62CD892C0003F2A;2025-07-13;2;8.290
6727520ED5F49E11554010650500DE3B;FC081C55582CED11A62CD892C0003F2A;2025-07-01;1;4.129
674C687D0B19BE11877210650500E859;FC081C55582CED11A62CD892C0003F2A;2025-07-10;3;13.677
683904ECAD62FE1191EE10650500FCB9;FC081C55582CED11A62CD892C0003F2A;2025-07-30;1;4.484
684DDD9A2AB00F11F1557891FE693889;FC081C55582CED11A62CD892C0003F2A;2025-07-03;1;14.000
687539341767BE11877210650500B659;FC081C55582CED11A62CD892C0003F2A;2025-07-21;2;9.048
687CD8721DA8CE11ADB310650500A0B8;FC081C55582CED11A62CD892C0003F2A;2025-07-01;2;8.387
688FCB9C58A40F114EF7A826072B6D89;FC081C55582CED11A62CD892C0003F2A;2025-07-12;1;16.179
68A8896615F3FE1191EE106505000FB9;FC081C55582CED11A62CD892C0003F2A;2025-07-27;2;8.097
68AE6A1C82EFFE11F1557891FE692789;FC081C55582CED11A62CD892C0003F2A;2025-07-01;1;4.207
68BFEBC5BDB91E1143F0668E42006B8B;FC081C55582CED11A62CD892C0003F2A;2025-07-01;1;4.871
68C844D3D0CAED11A62CD892C0003F2A;FC081C55582CED11A62CD892C0003F2A;2025-07-23;1;6.194
6915AB5B3AE93E11052F6792C000D249;FC081C55582CED11A62CD892C0003F2A;2025-07-30;1;9.581
694C3EA3E7A6BE11877210650500C559;FC081C55582CED11A62CD892C0003F2A;2025-07-01;1;36.032
695A4EE0011EAE11BE2110650500E25A;FC081C55582CED11A62CD892C0003F2A;2025-07-01;3;15.200
6999F16DC9822E1143F0668E4200C71A;FC081C55582CED11A62CD892C0003F2A;2025-07-03;4;18.581
69DF7570F76DCE11ADB310650500F6B8;FC081C55582CED11A62CD892C0003F2A;2025-07-20;4;17.774
6A29FA1D9B4D7E110819BB65050039AA;FC081C55582CED11A62CD892C0003F2A;2025-07-28;2;17.161
6ABFA83FD7D9FE11128010650500E819;FC081C55582CED11A62CD892C0003F2A;2025-07-22;2;10.484
6ADEA0EDC4C67E11B7B78A650500ED08;FC081C55582CED11A62CD892C0003F2A;2025-07-14;1;5.750
6AE23FAE21DCDE11406610650500B54A;FC081C55582CED11A62CD892C0003F2A;2025-07-27;2;9.581
6AE9474D3D42CE118772106505009469;FC081C55582CED11A62CD892C0003F2A;2025-07-07;1;4.125
6B29C1688B85DE11ADB31065050002C8;FC081C55582CED11A62CD892C0003F2A;2025-07-01;1;4.214
6B38858D7D948E113835BB6505003DAA;FC081C55582CED11A62CD892C0003F2A;2025-07-26;1;6.516
6B4EDC5C01CAED11A62CD892C0003F2A;FC081C55582CED11A62CD892C0003F2A;2025-07-15;1;6.500
6B513538C32ECE11ADB310650500F7B8;FC081C55582CED11A62CD892C0003F2A;2025-07-05;1;8.591
6CD03F26AB596E11B7B78A650500BC08;FC081C55582CED11A62CD892C0003F2A;2025-07-04;3;13.241
6D35F0928ABAFE11128010650500E819;FC081C55582CED11A62CD892C0003F2A;2025-07-14;1;4.516
6DC78F32C5246E11B7B78A650500BC08;FC081C55582CED11A62CD892C0003F2A;2025-07-01;2;30.226
6DE9036DC691FE1191EE10650500EBB9;FC081C55582CED11A62CD892C0003F2A;2025-07-01;9;38.548
6E10C087E568DE11C84610650500E07A;FC081C55582CED11A62CD892C0003F2A;2025-07-17;2;18.350
6E23E7646010FE1191EE10650500F9B9;FC081C55582CED11A62CD892C0003F2A;2025-07-01;1;4.839
6E754762F0CAED11A62CD892C0003F2A;FC081C55582CED11A62CD892C0003F2A;2025-07-13;6;25.581
6E81B8B19E016E1142D58A650500AD08;FC081C55582CED11A62CD892C0003F2A;2025-07-06;2;8.903
6EC99AABA0CAED11A62CD892C0003F2A;FC081C55582CED11A62CD892C0003F2A;2025-07-01;5;51.774
6F1F795CD0CAED11A62CD892C0003F2A;FC081C55582CED11A62CD892C0003F2A;2025-07-18;2;10.250
6F511FFF41CAED11A62CD892C0003F2A;FC081C55582CED11A62CD892C0003F2A;2025-07-12;1;5.194
6F571ADEAF45DE11ADB310650500B1C8;FC081C55582CED11A62CD892C0003F2A;2025-07-16;3;12.613
6F615376AF6DFE11F1557891FE690489;FC081C55582CED11A62CD892C0003F2A;2025-07-01;2;10.226
6F66CE439AFBCE11ADB310650500F4B8;FC081C55582CED11A62CD892C0003F2A;2025-07-02;1;5.452
6F84557771F10F114EF7A826072BF989;FC081C55582CED11A62CD892C0003F2A;2025-07-18;1;7.581
7010357654D67E11B7B78A650500ED08;FC081C55582CED11A62CD892C0003F2A;2025-07-01;6;26.065
703B61D20CE15E1142D58A650500BC08;FC081C55582CED11A62CD892C0003F2A;2025-07-23;1;4.567
7048225BA968FE11128010650500D819;FC081C55582CED11A62CD892C0003F2A;2025-07-03;1;4.710
70A76EE2378B3E11052F6792C000D249;FC081C55582CED11A62CD892C0003F2A;2025-07-11;11;47.903
70CAE6115F00EE11406610650500F94A;FC081C55582CED11A62CD892C0003F2A;2025-07-01;1;5.452
717D3A8D70C5EE1191EE1065050045B9;FC081C55582CED11A62CD892C0003F2A;2025-07-05;13;62.000
724D88DDE0148E113835BB6505008CAA;FC081C55582CED11A62CD892C0003F2A;2025-07-11;1;6.259
72684B3E2233DE11ADB310650500EEB8;FC081C55582CED11A62CD892C0003F2A;2025-07-30;1;4.355
7293DD23203ECE11ADB31065050008B8;FC081C55582CED11A62CD892C0003F2A;2025-07-27;1;5.839
72C6DDA882D2FE1191EE106505007DB9;FC081C55582CED11A62CD892C0003F2A;2025-07-26;1;5.323
72DA83A561106E1142D58A650500AD08;FC081C55582CED11A62CD892C0003F2A;2025-07-01;2;8.419
72DB203282E3DE11ADB310650500CFB8;FC081C55582CED11A62CD892C0003F2A;2025-07-06;1;5.000
72E41A04958BBE11877210650500FB59;FC081C55582CED11A62CD892C0003F2A;2025-07-05;2;8.138
73269BB2C441CE118772106505004369;FC081C55582CED11A62CD892C0003F2A;2025-07-01;2;12.839
7357CADF84DDBE11877210650500EE59;FC081C55582CED11A62CD892C0003F2A;2025-07-01;2;54.355
73787CC584CB6E11B7B78A650500BC08;FC081C55582CED11A62CD892C0003F2A;2025-07-03;1;6.516
737A99AAF0CAED11A62CD892C0003F2A;FC081C55582CED11A62CD892C0003F2A;2025-07-22;1;4.871
738B290F02A4FE1191EE10650500FFB9;FC081C55582CED11A62CD892C0003F2A;2025-07-28;1;5.032
73A6B7DB01CAED11A62CD892C0003F2A;FC081C55582CED11A62CD892C0003F2A;2025-07-28;1;6.323
73B3D7EF59B00F11F1557891FE693889;FC081C55582CED11A62CD892C0003F2A;2025-07-26;2;9.387
73C92B5255AE4E1142D58A650500BC08;FC081C55582CED11A62CD892C0003F2A;2025-07-25;1;6.880
7421D87750600F11F1557891FE69C789;FC081C55582CED11A62CD892C0003F2A;2025-07-01;3;66.793
7425CB299E82DE11ADB3106505001EB8;FC081C55582CED11A62CD892C0003F2A;2025-07-19;1;5.650
744F5D260EDEFE11F1557891FE69D589;FC081C55582CED11A62CD892C0003F2A;2025-07-22;3;12.161
748553B39E74FE1191EE10650500CFB9;FC081C55582CED11A62CD892C0003F2A;2025-07-01;5;23.129
748F73B62056BE118772106505005559;FC081C55582CED11A62CD892C0003F2A;2025-07-03;10;46.065
74A742F7AA52CE11877210650500A469;FC081C55582CED11A62CD892C0003F2A;2025-07-25;2;9.034
763B17DD1E00EE11406610650500F94A;FC081C55582CED11A62CD892C0003F2A;2025-07-01;2;8.129
76848C99ECC65E1142D58A650500DC08;FC081C55582CED11A62CD892C0003F2A;2025-07-07;1;6.968
76B50B19CF94DE11ADB310650500D0C8;FC081C55582CED11A62CD892C0003F2A;2025-07-07;1;4.903
76CFA39C483EFE11F1557891FE690589;FC081C55582CED11A62CD892C0003F2A;2025-07-02;2;9.000
76D0FAA95A530E11A4A96492C00008E9;FC081C55582CED11A62CD892C0003F2A;2025-07-14;1;6.276
77FCDC45019FCE11ADB310650500E9B8;FC081C55582CED11A62CD892C0003F2A;2025-07-16;1;4.231
7814B8872BA9CE11ADB310650500E1B8;FC081C55582CED11A62CD892C0003F2A;2025-07-03;6;28.258
782B2D2E86938E113835BB6505001CAA;FC081C55582CED11A62CD892C0003F2A;2025-07-29;1;6.161
783B7C15E71ECE11ADB310650500E7B8;FC081C55582CED11A62CD892C0003F2A;2025-07-20;1;19.032
7844282DECB1EE114066106505001C4A;FC081C55582CED11A62CD892C0003F2A;2025-07-28;1;8.516
785178F2D1E7EE1191EE10650500A7B9;FC081C55582CED11A62CD892C0003F2A;2025-07-01;1.3;18.365
78D74F3F637BDE11406610650500E34A;FC081C55582CED11A62CD892C0003F2A;2025-07-08;9;38.323
78F9D296DDFFFE11F1557891FE694789;FC081C55582CED11A62CD892C0003F2A;2025-07-01;1;5.926
791A0665F194DE11ADB310650500C0C8;FC081C55582CED11A62CD892C0003F2A;2025-07-05;1;4.806
793F9B04488E4E1142D58A650500BC08;FC081C55582CED11A62CD892C0003F2A;2025-07-09;3;12.069
795627ADC0CAED11A62CD892C0003F2A;FC081C55582CED11A62CD892C0003F2A;2025-07-15;1;5.276
797A8E5D882CAE11BE2110650500705A;FC081C55582CED11A62CD892C0003F2A;2025-07-01;2;9.355
79B98038F5C7FE1191EE1065050004C9;FC081C55582CED11A62CD892C0003F2A;2025-07-09;1;7.161
79B9C19C2CF2CE118772106505007569;FC081C55582CED11A62CD892C0003F2A;2025-07-01;1;6.258
79D7EFC706078E11F243BB6505005C3B;FC081C55582CED11A62CD892C0003F2A;2025-07-02;2;15.161
79E6175A25570E11A4A96492C000EC6A;FC081C55582CED11A62CD892C0003F2A;2025-07-01;12;48.839
7A056969FED90E11A4A96492C0001269;FC081C55582CED11A62CD892C0003F2A;2025-07-03;1;6.065
7A0C8AFE43735E1142D58A650500DC08;FC081C55582CED11A62CD892C0003F2A;2025-07-05;2;15.613
7A2F772E1BBE8E11F243BB650500B64B;FC081C55582CED11A62CD892C0003F2A;2025-07-06;1;7.581
7AA19B2EAB596E11B7B78A650500BC08;FC081C55582CED11A62CD892C0003F2A;2025-07-08;1;7.161
7AB3AA28B22AFE11128010650500E819;FC081C55582CED11A62CD892C0003F2A;2025-07-01;5.70;30.668
7AD78863757B6E11B7B78A650500BC08;FC081C55582CED11A62CD892C0003F2A;2025-07-01;1;5.710
7ADEED09B7A0EE11406610650500BA4A;FC081C55582CED11A62CD892C0003F2A;2025-07-20;2;8.839
7AE3530F3A3CED11A62CD892C0003F2A;FC081C55582CED11A62CD892C0003F2A;2025-07-01;4;22.677
7B46E50C923D7E110819BB65050039AA;FC081C55582CED11A62CD892C0003F2A;2025-07-22;1;6.269
7B5179E3C8E5FE1191EE1065050091C9;FC081C55582CED11A62CD892C0003F2A;2025-07-01;3;14.458
7B640F41D0CAED11A62CD892C0003F2A;FC081C55582CED11A62CD892C0003F2A;2025-07-08;2;10.065
7B6C6D8040750F114EF7A826072B6E89;FC081C55582CED11A62CD892C0003F2A;2025-07-02;2;11.600
7B6D6B85ADBE5E1142D58A6505006D08;FC081C55582CED11A62CD892C0003F2A;2025-07-01;2;8.778
7BA4487C3DBCAE11BE2110650500315A;FC081C55582CED11A62CD892C0003F2A;2025-07-01;6;24.364
7BE29D740F0EEE1191EE1065050029B9;FC081C55582CED11A62CD892C0003F2A;2025-07-24;2;13.742
7C1748B8DA890E11A4A96492C0001269;FC081C55582CED11A62CD892C0003F2A;2025-07-26;1;4.036
7C4BCFB931CAED11A62CD892C0003F2A;FC081C55582CED11A62CD892C0003F2A;2025-07-20;1;5.633
7C862812662BDE11406610650500734A;FC081C55582CED11A62CD892C0003F2A;2025-07-19;1;5.296
7D12823DE5E2DE11ADB3106505008EB8;FC081C55582CED11A62CD892C0003F2A;2025-07-24;1;6.000
7D2CFD64047D8E11F243BB650500154B;FC081C55582CED11A62CD892C0003F2A;2025-07-15;2;8.452
7D42E0661B23FE1191EE10650500FDB9;FC081C55582CED11A62CD892C0003F2A;2025-07-28;1;7.806
7D74D3506896FE1191EE1065050072C9;FC081C55582CED11A62CD892C0003F2A;2025-07-31;1;5.065
7D88024E31CAED11A62CD892C0003F2A;FC081C55582CED11A62CD892C0003F2A;2025-07-03;1;6.097
7DA5057301CAED11A62CD892C0003F2A;FC081C55582CED11A62CD892C0003F2A;2025-07-05;1;4.194
7DAA32F6DDFFFE11F1557891FE694789;FC081C55582CED11A62CD892C0003F2A;2025-07-23;1;5.323
7DABD52C285CEE1191EE1065050029B9;FC081C55582CED11A62CD892C0003F2A;2025-07-01;4;24.065
7DB322C1AA5DCE11ADB310650500E6B8;FC081C55582CED11A62CD892C0003F2A;2025-07-08;4;18.710
7E02A93BC7E10F114EF7A826072BE989;FC081C55582CED11A62CD892C0003F2A;2025-07-26;1;4.677
7E15F8F901CAED11A62CD892C0003F2A;FC081C55582CED11A62CD892C0003F2A;2025-07-06;3;14.903
7E209DFF96D28E110223BB6505000BAA;FC081C55582CED11A62CD892C0003F2A;2025-07-01;1;4.645
7E47F7893131FE1191EE106505006BB9;FC081C55582CED11A62CD892C0003F2A;2025-07-03;1;4.032
7E553F271C62AE11726010650500E05A;FC081C55582CED11A62CD892C0003F2A;2025-07-13;1;5.032
7EAE6F6D55C1DE11ADB3106505001DB8;FC081C55582CED11A62CD892C0003F2A;2025-07-01;3;14.000
7ED3EEC93EAFFE11F1557891FE69E689;FC081C55582CED11A62CD892C0003F2A;2025-07-24;1;7.875
7FF7A89A25DFEE1191EE10650500A9B9;FC081C55582CED11A62CD892C0003F2A;2025-07-01;1;4.826
7FF90978ECB1EE114066106505001C4A;FC081C55582CED11A62CD892C0003F2A;2025-07-03;4;19.032
801630879AE10F114EF7A826072BE989;FC081C55582CED11A62CD892C0003F2A;2025-07-23;1;5.968
802CFC11E719DE11C84610650500C17A;FC081C55582CED11A62CD892C0003F2A;2025-07-07;1;5.172
80B46476DED4DE11ADB31065050021C8;FC081C55582CED11A62CD892C0003F2A;2025-07-29;1;5.290
80F42BDDDA5D7E110819BB65050039AA;FC081C55582CED11A62CD892C0003F2A;2025-07-01;66;957.774
8106C0B331CAED11A62CD892C0003F2A;FC081C55582CED11A62CD892C0003F2A;2025-07-17;1;5.323
817BDDA223E0EE114066106505000B4A;FC081C55582CED11A62CD892C0003F2A;2025-07-19;1;4.484
8200D1B5FC32FE1191EE10650500BCB9;FC081C55582CED11A62CD892C0003F2A;2025-07-30;1;4.871
820519DFC0CAED11A62CD892C0003F2A;FC081C55582CED11A62CD892C0003F2A;2025-07-09;3;13.839
82331755AF2DBE118772106505001E59;FC081C55582CED11A62CD892C0003F2A;2025-07-21;1;10.100
826BA42EAB74EE11B1AD10650500F7EA;FC081C55582CED11A62CD892C0003F2A;2025-07-25;1;12.032
82A5A22440CAED11A62CD892C0003F2A;FC081C55582CED11A62CD892C0003F2A;2025-07-24;1;7.519
82E294B85F54DE11ADB31065050080C8;FC081C55582CED11A62CD892C0003F2A;2025-07-02;6;29.774
830333035B630F114EF7A826072BDB89;FC081C55582CED11A62CD892C0003F2A;2025-07-16;1;4.833
83169CE2390ECE11ADB310650500D7B8;FC081C55582CED11A62CD892C0003F2A;2025-07-06;1;4.935
832C53538ABAFE11128010650500E819;FC081C55582CED11A62CD892C0003F2A;2025-07-01;6;33.947
834178105340EE114066106505003A4A;FC081C55582CED11A62CD892C0003F2A;2025-07-24;2;19.857
836C28534A32FE1191EE10650500BCB9;FC081C55582CED11A62CD892C0003F2A;2025-07-03;1;5.613
8397BF6A01CAED11A62CD892C0003F2A;FC081C55582CED11A62CD892C0003F2A;2025-07-21;2;18.097
83A6F9A48836CE11ADB3106505008DA8;FC081C55582CED11A62CD892C0003F2A;2025-07-01;4;20.323
83F61D722CC46E11B7B78A650500BC08;FC081C55582CED11A62CD892C0003F2A;2025-07-14;2;11.484
83FCB89C1A5FFE11F1557891FE697689;FC081C55582CED11A62CD892C0003F2A;2025-07-01;1;6.613
844000D3FBCEAE11BE2110650500D35A;FC081C55582CED11A62CD892C0003F2A;2025-07-01;23;103.258
844630879AE10F114EF7A826072BE989;FC081C55582CED11A62CD892C0003F2A;2025-07-08;1;4.414
8451902112E3DE11ADB310650500CFB8;FC081C55582CED11A62CD892C0003F2A;2025-07-12;1;4.290
847C0763797BAE11BE21106505009F4A;FC081C55582CED11A62CD892C0003F2A;2025-07-17;1;7.941
8485F319FC8FCE11ADB310650500E9B8;FC081C55582CED11A62CD892C0003F2A;2025-07-06;4;18.903
848CCFFAED641E1143F0668E42008C3B;FC081C55582CED11A62CD892C0003F2A;2025-07-05;3;13.714
84B226A01DDA1E1143F0668E4200FBFB;FC081C55582CED11A62CD892C0003F2A;2025-07-01;1;7.355
853E17D851CAED11A62CD892C0003F2A;FC081C55582CED11A62CD892C0003F2A;2025-07-19;1;5.032
85DAF3604705EE11B1AD10650500A8EA;FC081C55582CED11A62CD892C0003F2A;2025-07-04;1;4.130
85FB321C575FFE11F1557891FE697689;FC081C55582CED11A62CD892C0003F2A;2025-07-14;4;18.355
866C3997B34C2E11052F6792C000CF39;FC081C55582CED11A62CD892C0003F2A;2025-07-07;1;8.885
86E515FDA3C0FE1191EE10650500DAB9;FC081C55582CED11A62CD892C0003F2A;2025-07-08;1;8.000
86F530879AE10F114EF7A826072BE989;FC081C55582CED11A62CD892C0003F2A;2025-07-27;1;8.419
87157365F6550F114EF7A826072B4E89;FC081C55582CED11A62CD892C0003F2A;2025-07-26;1;8.192
87A1914AA2CAED11A62CD892C0003F2A;FC081C55582CED11A62CD892C0003F2A;2025-07-12;2;16.968
87B75A58B7ABEE1191EE1065050029B9;FC081C55582CED11A62CD892C0003F2A;2025-07-24;1;5.355
87B995D2BC1EFE11F1557891FE69E489;FC081C55582CED11A62CD892C0003F2A;2025-07-25;4;16.903
8804974504430F114EF7A826072BAB89;FC081C55582CED11A62CD892C0003F2A;2025-07-02;3;12.655
882D7919BDE6EE1191EE1065050096B9;FC081C55582CED11A62CD892C0003F2A;2025-07-23;1;5.032
8865361802218E110819BB65050039AA;FC081C55582CED11A62CD892C0003F2A;2025-07-26;1;5.387
889A9FC32B427E11B7B78A650500CD08;FC081C55582CED11A62CD892C0003F2A;2025-07-19;1;4.581
8922AE49F1521E1143F0668E42008C3B;FC081C55582CED11A62CD892C0003F2A;2025-07-01;1;6.677
89288C8702968E11F243BB650500CB3B;FC081C55582CED11A62CD892C0003F2A;2025-07-02;1;9.839
898318D5E25E3E11052F6792C000D249;FC081C55582CED11A62CD892C0003F2A;2025-07-13;1;4.808
89940A341B6BAE11BE21106505008F4A;FC081C55582CED11A62CD892C0003F2A;2025-07-05;1;6.774
899FAF65A0FFFE11F1557891FE693789;FC081C55582CED11A62CD892C0003F2A;2025-07-21;1;4.586
89E59375470A0E11A4A96492C0001269;FC081C55582CED11A62CD892C0003F2A;2025-07-27;1;7.433
89EBF510F76DCE11ADB310650500F6B8;FC081C55582CED11A62CD892C0003F2A;2025-07-17;6;29.032
89F5DE86D4F5FE1191EE10650500A1C9;FC081C55582CED11A62CD892C0003F2A;2025-07-28;1;4.069
8A1F57B30D3C5E1142D58A6505000D08;FC081C55582CED11A62CD892C0003F2A;2025-07-07;3;23.806
8A7041189AC9FE11128010650500E819;FC081C55582CED11A62CD892C0003F2A;2025-07-14;4;16.903
8A8779C141CAED11A62CD892C0003F2A;FC081C55582CED11A62CD892C0003F2A;2025-07-06;1;4.839
8B05BDD29C8DED11A62CD892C0003F2A;FC081C55582CED11A62CD892C0003F2A;2025-07-03;1;5.067
8B22C2BEDFF0AE117260106505001F4A;FC081C55582CED11A62CD892C0003F2A;2025-07-01;2;9.032
8B940D3A68E5FE1191EE1065050091C9;FC081C55582CED11A62CD892C0003F2A;2025-07-16;1;7.118
8C4D129EF77EFE11F1557891FE695589;FC081C55582CED11A62CD892C0003F2A;2025-07-25;1;7.222
8C71B89987F1EE114066106505007C4A;FC081C55582CED11A62CD892C0003F2A;2025-07-08;1;6.462
8D491354F46ABE118772106505008A59;FC081C55582CED11A62CD892C0003F2A;2025-07-25;2;14.258
8D9D43CA6AAE7E110819BB65050039AA;FC081C55582CED11A62CD892C0003F2A;2025-07-26;2;9.613
8DCD833929EEFE11F1557891FE69E589;FC081C55582CED11A62CD892C0003F2A;2025-07-11;1;4.160
8DCEA3470C7DFE1158A3BB3DBE8E1489;FC081C55582CED11A62CD892C0003F2A;2025-07-21;1;4.810
8E169D8C376ADE11406610650500724A;FC081C55582CED11A62CD892C0003F2A;2025-07-08;1;4.516
8E4BCFB931CAED11A62CD892C0003F2A;FC081C55582CED11A62CD892C0003F2A;2025-07-01;1;9.862
8E5630879AE10F114EF7A826072BE989;FC081C55582CED11A62CD892C0003F2A;2025-07-09;1;4.103
8F2A5EA8EE2ECE11ADB31065050008B8;FC081C55582CED11A62CD892C0003F2A;2025-07-01;1;4.194
8F39248CF5802E1143F0668E4200C71A;FC081C55582CED11A62CD892C0003F2A;2025-07-07;1;4.125
8F41A37C1A5FFE11F1557891FE697689;FC081C55582CED11A62CD892C0003F2A;2025-07-01;2;9.806
8F54AB98920BAE11BE21106505000F4A;FC081C55582CED11A62CD892C0003F2A;2025-07-29;1;5.222
8F5FD09C402EED11A62CD892C000399B;FC081C55582CED11A62CD892C0003F2A;2025-07-09;2;8.194
8F962E46FC027E11B7B78A650500CD08;FC081C55582CED11A62CD892C0003F2A;2025-07-03;3;15.968
8FA02CA111CAED11A62CD892C0003F2A;FC081C55582CED11A62CD892C0003F2A;2025-07-14;1;5.000
9003A200FFAFFE11F1557891FE69E689;FC081C55582CED11A62CD892C0003F2A;2025-07-19;1;6.263
9051A73ABCE98E11F243BB650500004B;FC081C55582CED11A62CD892C0003F2A;2025-07-01;2;11.806
908A2BFCEF2FFE11F1557891FE694689;FC081C55582CED11A62CD892C0003F2A;2025-07-14;1;4.125
90AE744FAC58FE11128010650500D819;FC081C55582CED11A62CD892C0003F2A;2025-07-17;1;4.111
9118A63AB78DBE118772106505008E59;FC081C55582CED11A62CD892C0003F2A;2025-07-01;4;17.161
91971FC73466DE11ADB31065050013C8;FC081C55582CED11A62CD892C0003F2A;2025-07-22;1;4.323
927D2AE7DF0EEE1191EE1065050029B9;FC081C55582CED11A62CD892C0003F2A;2025-07-01;3;14.355
92A0CF3DD9FC9E11726010650500E94A;FC081C55582CED11A62CD892C0003F2A;2025-07-12;1;7.323
9320D83931CAED11A62CD892C0003F2A;FC081C55582CED11A62CD892C0003F2A;2025-07-20;1;5.226
93261BFD42578E11F243BB650500BC3B;FC081C55582CED11A62CD892C0003F2A;2025-07-28;1;4.318
93806D38B7A0EE11406610650500BA4A;FC081C55582CED11A62CD892C0003F2A;2025-07-17;3;12.065
93C3F3EF12606E1142D58A650500AD08;FC081C55582CED11A62CD892C0003F2A;2025-07-01;2;10.226
9430B1FCF502EE114066106505008C4A;FC081C55582CED11A62CD892C0003F2A;2025-07-15;1;7.548
945E6A9E2B0A1E1143F0668E42009D5A;FC081C55582CED11A62CD892C0003F2A;2025-07-09;1;4.548
946CFC3DA4A27E11B7B78A650500DD08;FC081C55582CED11A62CD892C0003F2A;2025-07-28;6;25.258
949188B43CE76E11B7B78A650500BC08;FC081C55582CED11A62CD892C0003F2A;2025-07-13;5;20.484
9497BF6A01CAED11A62CD892C0003F2A;FC081C55582CED11A62CD892C0003F2A;2025-07-20;1;6.967
94C762B20EE2BE11BE2110650500195A;FC081C55582CED11A62CD892C0003F2A;2025-07-26;1;4.581
9520D83931CAED11A62CD892C0003F2A;FC081C55582CED11A62CD892C0003F2A;2025-07-07;1;4.581
955F44D691E58E11F243BB650500DA3B;FC081C55582CED11A62CD892C0003F2A;2025-07-01;21;157.355
959C186DC1A76E11B7B78A650500BC08;FC081C55582CED11A62CD892C0003F2A;2025-07-10;1;5.600
95D8373540B15E1142D58A650500BC08;FC081C55582CED11A62CD892C0003F2A;2025-07-01;1;5.767
9663DC4B98B4DE11ADB310650500F0C8;FC081C55582CED11A62CD892C0003F2A;2025-07-29;1;4.581
9669C44B146B3E11052F6792C000D249;FC081C55582CED11A62CD892C0003F2A;2025-07-01;2;12.645
967C472937E3FE1191EE10650500FEB9;FC081C55582CED11A62CD892C0003F2A;2025-07-01;1;4.161
97130C4601CAED11A62CD892C0003F2A;FC081C55582CED11A62CD892C0003F2A;2025-07-28;1;4.774
974F2AA04E06FE1191EE10650500C1C9;FC081C55582CED11A62CD892C0003F2A;2025-07-01;1;5.710
978C963E01CAED11A62CD892C0003F2A;FC081C55582CED11A62CD892C0003F2A;2025-07-02;1;5.111
9790516A93C1CE11877210650500E369;FC081C55582CED11A62CD892C0003F2A;2025-07-01;1;12.097
97CEAFAE6149AE11BE2110650500CC4A;FC081C55582CED11A62CD892C0003F2A;2025-07-22;1;8.290
984E40F74CE1EE114066106505006C4A;FC081C55582CED11A62CD892C0003F2A;2025-07-24;2;8.208
986AB4DF30456E11B7B78A650500BC08;FC081C55582CED11A62CD892C0003F2A;2025-07-16;5;20.581
987ADD7721106E1142D58A650500AD08;FC081C55582CED11A62CD892C0003F2A;2025-07-07;2;11.909
98A3FB39CEEFFE11F1557891FE693789;FC081C55582CED11A62CD892C0003F2A;2025-07-07;1;4.452
98B8E940CD2ECE11ADB31065050008B8;FC081C55582CED11A62CD892C0003F2A;2025-07-05;4;18.419
98C36436F0CAED11A62CD892C0003F2A;FC081C55582CED11A62CD892C0003F2A;2025-07-02;2;9.419
98D80015B93FDE11406610650500E84A;FC081C55582CED11A62CD892C0003F2A;2025-07-04;3;26.548
98E59375470A0E11A4A96492C0001269;FC081C55582CED11A62CD892C0003F2A;2025-07-12;1;10.419
990C0212599EFE11F1557891FE698589;FC081C55582CED11A62CD892C0003F2A;2025-07-01;3;14.452
990EF723558EFE11F1557891FE696589;FC081C55582CED11A62CD892C0003F2A;2025-07-01;1;14.581
99449ABCC01FCE11ADB31065050029B8;FC081C55582CED11A62CD892C0003F2A;2025-07-25;2;8.323
99BC135AA60BFE11128010650500E819;FC081C55582CED11A62CD892C0003F2A;2025-07-28;1;7.065
99F0E8274AA4DE11ADB310650500E0C8;FC081C55582CED11A62CD892C0003F2A;2025-07-01;1;5.682
99F93D269FAF5E1142D58A650500AD08;FC081C55582CED11A62CD892C0003F2A;2025-07-01;7;36.677
9A39160301CAED11A62CD892C0003F2A;FC081C55582CED11A62CD892C0003F2A;2025-07-09;5;28.192
9A5C0D8F6B72BE11BE2110650500885A;FC081C55582CED11A62CD892C0003F2A;2025-07-09;4;17.645
9A69FF13694B6E11B7B78A650500BC08;FC081C55582CED11A62CD892C0003F2A;2025-07-22;1;7.548
9AC5814A1E52EE11406610650500FC4A;FC081C55582CED11A62CD892C0003F2A;2025-07-05;1;4.419
9ACC221EC877EE1191EE1065050027B9;FC081C55582CED11A62CD892C0003F2A;2025-07-20;1.19;4.851
9B354D1B3A278E11F243BB6505008C3B;FC081C55582CED11A62CD892C0003F2A;2025-07-19;2;9.806
9B62CCC81E00EE11406610650500F94A;FC081C55582CED11A62CD892C0003F2A;2025-07-01;1;10.130
9BA91128D71ECE11ADB310650500E7B8;FC081C55582CED11A62CD892C0003F2A;2025-07-02;1;4.185
9BD5F02F2E458E113835BB6505001EAA;FC081C55582CED11A62CD892C0003F2A;2025-07-04;1;4.419
9BE6E26450E2FE1191EE106505009DB9;FC081C55582CED11A62CD892C0003F2A;2025-07-07;2;8.387
9C1AAD9B8AF7FE11128010650500D819;FC081C55582CED11A62CD892C0003F2A;2025-07-01;1;4.633
9C4EEB261A68FE11128010650500D819;FC081C55582CED11A62CD892C0003F2A;2025-07-01;1;4.032
9C4FFDF7EB23FE1191EE10650500FDB9;FC081C55582CED11A62CD892C0003F2A;2025-07-02;2;9.935
9C5855FC0253FE1191EE106505002EB9;FC081C55582CED11A62CD892C0003F2A;2025-07-12;1;4.548
9C64A1249EF62E1143F0668E420006EB;FC081C55582CED11A62CD892C0003F2A;2025-07-01;1;10.452
9CB7380BBED3FD110DC22A92C000C499;FC081C55582CED11A62CD892C0003F2A;2025-07-03;1;6.097
9CC9CBD168400F11F1557891FE69A789;FC081C55582CED11A62CD892C0003F2A;2025-07-23;10;42.161
9CD7A0A9CB4CEE1191EE1065050029B9;FC081C55582CED11A62CD892C0003F2A;2025-07-01;2;8.774
9CE3B16DC89D7E110819BB65050039AA;FC081C55582CED11A62CD892C0003F2A;2025-07-31;1;10.548
9CF6BB3F5A1B8E11F243BB650500814B;FC081C55582CED11A62CD892C0003F2A;2025-07-01;1;6.167
9D288812F210AE11726010650500ED4A;FC081C55582CED11A62CD892C0003F2A;2025-07-01;1;4.032
9DB4568D2726EE1191EE10650500C5B9;FC081C55582CED11A62CD892C0003F2A;2025-07-09;1;7.548
9DD7234838E63E11052F6792C000FF39;FC081C55582CED11A62CD892C0003F2A;2025-07-01;2;10.806
9E89AA40BF533E11052F6792C000CF39;FC081C55582CED11A62CD892C0003F2A;2025-07-12;1;4.038
9E9D07DC5BF5CE11ADB3106505007DA8;FC081C55582CED11A62CD892C0003F2A;2025-07-01;1;4.806
9EF8AEB94B85DE11ADB31065050002C8;FC081C55582CED11A62CD892C0003F2A;2025-07-05;1;5.625
9F1AD9FD7942FE1191EE10650500CCB9;FC081C55582CED11A62CD892C0003F2A;2025-07-03;2;8.586
9F2129BDF215EE11B1AD10650500B8EA;FC081C55582CED11A62CD892C0003F2A;2025-07-31;1;5.129
9F33F027FCD4DE11ADB31065050021C8;FC081C55582CED11A62CD892C0003F2A;2025-07-07;1;5.935
9F6D0F4C8EA3FD110DC22A92C000C499;FC081C55582CED11A62CD892C0003F2A;2025-07-14;3;12.161
9FF72B2A0592FE1191EE106505002DB9;FC081C55582CED11A62CD892C0003F2A;2025-07-01;0.2;6.397
A039715B1A7CDE11406610650500454A;FC081C55582CED11A62CD892C0003F2A;2025-07-26;2;11.296
A049248CF5802E1143F0668E4200C71A;FC081C55582CED11A62CD892C0003F2A;2025-07-07;2;14.194
A059B14A5F582E11052F6792C0007F39;FC081C55582CED11A62CD892C0003F2A;2025-07-01;1;13.421
A05BCFB931CAED11A62CD892C0003F2A;FC081C55582CED11A62CD892C0003F2A;2025-07-01;1;7.933
A0C1B01B55B4DE11ADB310650500F0C8;FC081C55582CED11A62CD892C0003F2A;2025-07-10;11;59.452
A0F2A8529DBFAE11BE2110650500055A;FC081C55582CED11A62CD892C0003F2A;2025-07-13;2;9.613
A0F75C1CB364AE11726010650500635A;FC081C55582CED11A62CD892C0003F2A;2025-07-14;1;4.161
A0FC09C0B8B8FE11128010650500D819;FC081C55582CED11A62CD892C0003F2A;2025-07-18;1;4.677
A124E50E08449E11554010650500ED3B;FC081C55582CED11A62CD892C0003F2A;2025-07-16;27;131.129
A1485770AB596E11B7B78A650500BC08;FC081C55582CED11A62CD892C0003F2A;2025-07-29;1;7.935
A1592EF5F6E89E11525010650500694A;FC081C55582CED11A62CD892C0003F2A;2025-07-19;2;10.143
A1891D4641459E115540106505004F3B;FC081C55582CED11A62CD892C0003F2A;2025-07-18;1;4.355
A1B517318754EE11B1AD10650500C7EA;FC081C55582CED11A62CD892C0003F2A;2025-07-01;2;18.516
A1E566E92848CE11ADB31065050010B8;FC081C55582CED11A62CD892C0003F2A;2025-07-31;1;6.032
A260E0E084410F11112A674AC7E20989;FC081C55582CED11A62CD892C0003F2A;2025-07-22;1;4.419
A26AEF3C9BC5FD110DC22A92C000D158;FC081C55582CED11A62CD892C0003F2A;2025-07-01;1;6.032
A28C7186C7ABAE11BE2110650500DF4A;FC081C55582CED11A62CD892C0003F2A;2025-07-01;1;4.613
A29DE472E0CAED11A62CD892C0003F2A;FC081C55582CED11A62CD892C0003F2A;2025-07-19;2;8.387
A2E820625CE3DE11ADB310650500DFB8;FC081C55582CED11A62CD892C0003F2A;2025-07-01;2;9.323
A35151DB08300F11F1557891FE699789;FC081C55582CED11A62CD892C0003F2A;2025-07-16;1;6.105
A3AA8D15BCE98E11F243BB650500004B;FC081C55582CED11A62CD892C0003F2A;2025-07-01;1;5.387
A3C7215259098E11F243BB650500EE3B;FC081C55582CED11A62CD892C0003F2A;2025-07-01;3;12.387
A3FBB782BFCA9E11525010650500EB4A;FC081C55582CED11A62CD892C0003F2A;2025-07-01;4;32.613
A440134E68DDCE11ADB31065050097B8;FC081C55582CED11A62CD892C0003F2A;2025-07-01;1;4.400
A46A382335DFEE1191EE10650500A9B9;FC081C55582CED11A62CD892C0003F2A;2025-07-13;1;5.484
A4D6EA683494FE1191EE10650500EFB9;FC081C55582CED11A62CD892C0003F2A;2025-07-27;1;4.417
A4EBF510F76DCE11ADB310650500F6B8;FC081C55582CED11A62CD892C0003F2A;2025-07-17;3;20.871
A5AC2A2239240F114EF7A826072BCC89;FC081C55582CED11A62CD892C0003F2A;2025-07-28;1;7.471
A5B6E1263597FE1191EE10650500C3C9;FC081C55582CED11A62CD892C0003F2A;2025-07-21;3;13.323
A600B18967730F1158A3BB3DBE8EEB89;FC081C55582CED11A62CD892C0003F2A;2025-07-01;1;4.871
A633AE3A2A6BFE111280106505000919;FC081C55582CED11A62CD892C0003F2A;2025-07-02;8;32.419
A67242F6104FFE11F1557891FE695689;FC081C55582CED11A62CD892C0003F2A;2025-07-30;1;4.968
A688FB5F34627E11B7B78A650500CD08;FC081C55582CED11A62CD892C0003F2A;2025-07-16;1;11.419
A691EF1A8E338E117E64BB6505007BAA;FC081C55582CED11A62CD892C0003F2A;2025-07-06;1.00;5.036
A6CFD8BB1AF1EE114066106505007C4A;FC081C55582CED11A62CD892C0003F2A;2025-07-29;3;13.645
A6FDC45E3142CE118772106505008469;FC081C55582CED11A62CD892C0003F2A;2025-07-17;2;19.645
A76C3997B34C2E11052F6792C000CF39;FC081C55582CED11A62CD892C0003F2A;2025-07-10;2;9.645
A7C7FC7815520F114EF7A826072B7A89;FC081C55582CED11A62CD892C0003F2A;2025-07-17;1;5.097
A7EE9E68D2001E1143F0668E42007A39;FC081C55582CED11A62CD892C0003F2A;2025-07-28;3;16.967
A82D1E8C65B4DE11ADB310650500F0C8;FC081C55582CED11A62CD892C0003F2A;2025-07-05;12;48.742
A87235AC0AF22E1143F0668E4200C71A;FC081C55582CED11A62CD892C0003F2A;2025-07-09;1;6.581
A89284BB701EEE1191EE1065050029B9;FC081C55582CED11A62CD892C0003F2A;2025-07-11;2;15.333
A8958E9DF58BBE11877210650500FB59;FC081C55582CED11A62CD892C0003F2A;2025-07-26;1;6.419
A8AFE28FD0CAED11A62CD892C0003F2A;FC081C55582CED11A62CD892C0003F2A;2025-07-01;1;8.484
A8F78DB29DFDCE11ADB310650500C7B8;FC081C55582CED11A62CD892C0003F2A;2025-07-15;1;4.355
A8FD321641458E113835BB6505000EAA;FC081C55582CED11A62CD892C0003F2A;2025-07-07;1;4.967
A92E71BEB7ABAE11BE2110650500DF4A;FC081C55582CED11A62CD892C0003F2A;2025-07-30;1;6.194
A942E7FDF0CAED11A62CD892C0003F2A;FC081C55582CED11A62CD892C0003F2A;2025-07-02;2;9.097
A944E2FACF94DE11ADB310650500D0C8;FC081C55582CED11A62CD892C0003F2A;2025-07-12;1;6.387
A958C276BA4A7E110819BB65050039AA;FC081C55582CED11A62CD892C0003F2A;2025-07-01;1;6.097
A97A5FA5CB427E11B7B78A650500CD08;FC081C55582CED11A62CD892C0003F2A;2025-07-28;1;5.129
A98C963E01CAED11A62CD892C0003F2A;FC081C55582CED11A62CD892C0003F2A;2025-07-03;8;33.935
A99CDA69EC14CE11877210650500E669;FC081C55582CED11A62CD892C0003F2A;2025-07-01;2;10.419
A9F9BD321169DE11C84610650500227A;FC081C55582CED11A62CD892C0003F2A;2025-07-01;1;6.194
A9FB1D78E61BDE11406610650500634A;FC081C55582CED11A62CD892C0003F2A;2025-07-01;2;10.323
AA763AFF22525E1142D58A650500DC08;FC081C55582CED11A62CD892C0003F2A;2025-07-02;1;11.194
AA82998D7243BE11BE2110650500895A;FC081C55582CED11A62CD892C0003F2A;2025-07-20;1;5.000
AAB85D94CAA4DE11ADB310650500E0C8;FC081C55582CED11A62CD892C0003F2A;2025-07-08;1;4.581
AAC271D976BADE11406610650500E24A;FC081C55582CED11A62CD892C0003F2A;2025-07-06;2.46;10.077
AAC9D6C1D7A6BE11877210650500C559;FC081C55582CED11A62CD892C0003F2A;2025-07-01;2;31.032
AAFD5840CA187E110819BB65050009AA;FC081C55582CED11A62CD892C0003F2A;2025-07-26;3;27.000
AB304F11FB8DDE11406610650500A64A;FC081C55582CED11A62CD892C0003F2A;2025-07-17;1;5.097
AB7B1593B0A68E11F243BB650500DB3B;FC081C55582CED11A62CD892C0003F2A;2025-07-14;3;21.710
ABA78A089421FE1191EE106505005BB9;FC081C55582CED11A62CD892C0003F2A;2025-07-08;1;6.357
AC0ECEF0EC065E1142D58A650500DC08;FC081C55582CED11A62CD892C0003F2A;2025-07-27;290;1431.161
AC38E545E015EE11B1AD10650500B8EA;FC081C55582CED11A62CD892C0003F2A;2025-07-01;5;23.419
ACAA33146010FE1191EE10650500F9B9;FC081C55582CED11A62CD892C0003F2A;2025-07-01;1;4.419
ACC27A7E2D6C0E11A4A96492C0001269;FC081C55582CED11A62CD892C0003F2A;2025-07-16;1;7.607
ACFBBB2AF611AE117260106505003F4A;FC081C55582CED11A62CD892C0003F2A;2025-07-23;1;6.032
AD220ED807400F11F1557891FE69A789;FC081C55582CED11A62CD892C0003F2A;2025-07-09;1;4.774
ADBD29D603CAED11A62CD892C0003F2A;FC081C55582CED11A62CD892C0003F2A;2025-07-31;1;6.774
ADE26957F7420F114EF7A826072B6A89;FC081C55582CED11A62CD892C0003F2A;2025-07-07;1;4.742
AE203BCB05B4DE11ADB310650500F0C8;FC081C55582CED11A62CD892C0003F2A;2025-07-01;3;12.548
AE2C2B8E46971E1143F0668E42006B8B;FC081C55582CED11A62CD892C0003F2A;2025-07-11;1;6.484
AE424547F7CCEE1191EE1065050029B9;FC081C55582CED11A62CD892C0003F2A;2025-07-01;1;9.452
AE4D0478A66E0E1143F0668E42001D49;FC081C55582CED11A62CD892C0003F2A;2025-07-10;1;4.806
AECE11FC84410F11112A674AC7E20989;FC081C55582CED11A62CD892C0003F2A;2025-07-06;1;4.320
AEDCC768C4BC3E11052F6792C000D249;FC081C55582CED11A62CD892C0003F2A;2025-07-21;2;12.000
AEDE1119BF43EE11B1AD1065050076EA;FC081C55582CED11A62CD892C0003F2A;2025-07-04;14;60.710
AEF1587B9605EE11B1AD10650500A8EA;FC081C55582CED11A62CD892C0003F2A;2025-07-01;1;4.290
AF0A3BF75EE1EE114066106505006C4A;FC081C55582CED11A62CD892C0003F2A;2025-07-28;1;4.129
AF14CB9BE7CBCE11ADB310650500B4B8;FC081C55582CED11A62CD892C0003F2A;2025-07-05;1;5.793
AF1A48881CF22E1143F0668E4200C71A;FC081C55582CED11A62CD892C0003F2A;2025-07-15;1;5.903
AF4BCFB931CAED11A62CD892C0003F2A;FC081C55582CED11A62CD892C0003F2A;2025-07-13;1;5.742
AF6724E8CC8EFE11F1557891FE697589;FC081C55582CED11A62CD892C0003F2A;2025-07-21;1;7.571
AFB26ACEDEE3DE11ADB310650500DFB8;FC081C55582CED11A62CD892C0003F2A;2025-07-19;4;20.613
AFBC625084A0EE11406610650500BA4A;FC081C55582CED11A62CD892C0003F2A;2025-07-20;2;8.258
AFD20C1F21CAED11A62CD892C0003F2A;FC081C55582CED11A62CD892C0003F2A;2025-07-01;1;21.839
B0798FE4F3C2FE1191EE106505006DB9;FC081C55582CED11A62CD892C0003F2A;2025-07-04;3;26.839
B0A6B7DB01CAED11A62CD892C0003F2A;FC081C55582CED11A62CD892C0003F2A;2025-07-11;1;6.682
B1E7F7893131FE1191EE106505006BB9;FC081C55582CED11A62CD892C0003F2A;2025-07-30;1;4.323
B22512F5B596DE11ADB31065050053C8;FC081C55582CED11A62CD892C0003F2A;2025-07-31;1;6.129
B261A9589F09FE11128010650500E819;FC081C55582CED11A62CD892C0003F2A;2025-07-01;2;8.774
B2E4D683E0CAED11A62CD892C0003F2A;FC081C55582CED11A62CD892C0003F2A;2025-07-01;1;7.323
B2F44E73AA961E1143F0668E4200EE89;FC081C55582CED11A62CD892C0003F2A;2025-07-13;1;5.067
B320D83931CAED11A62CD892C0003F2A;FC081C55582CED11A62CD892C0003F2A;2025-07-18;1;4.355
B37B5054AED8BE118772106505009859;FC081C55582CED11A62CD892C0003F2A;2025-07-05;4;22.400
B396285BF4E3FE1191EE10650500FEB9;FC081C55582CED11A62CD892C0003F2A;2025-07-12;1;5.387
B3F0B5EA40C97E110819BB65050019AA;FC081C55582CED11A62CD892C0003F2A;2025-07-01;1;14.355
B3FB44E7EB314E1142D58A650500DB08;FC081C55582CED11A62CD892C0003F2A;2025-07-04;1;6.321
B48FCF9AD8087E110819BB65050009AA;FC081C55582CED11A62CD892C0003F2A;2025-07-01;3;12.774
B4B39A3FBAFBCE11ADB310650500F4B8;FC081C55582CED11A62CD892C0003F2A;2025-07-05;1;5.806
B4D76399FC410F11112A674AC7E21989;FC081C55582CED11A62CD892C0003F2A;2025-07-24;1;5.710
B564184528D8EE1191EE10650500F8B9;FC081C55582CED11A62CD892C0003F2A;2025-07-22;1;4.103
B57CF84210EFAE11BE2110650500355A;FC081C55582CED11A62CD892C0003F2A;2025-07-01;1;6.348
B597BF6A01CAED11A62CD892C0003F2A;FC081C55582CED11A62CD892C0003F2A;2025-07-21;1;4.935
B63A4B7B00A0CE118772106505007269;FC081C55582CED11A62CD892C0003F2A;2025-07-15;5;22.806
B6A6BDDC1C7B7E110819BB65050039AA;FC081C55582CED11A62CD892C0003F2A;2025-07-31;2;9.129
B6D475A63E040F114EF7A826072BAC89;FC081C55582CED11A62CD892C0003F2A;2025-07-03;2;9.367
B6D645B0AE6E8E11F243BB650500564B;FC081C55582CED11A62CD892C0003F2A;2025-07-02;7;28.935
B6DE07F7EB23FE1191EE10650500FDB9;FC081C55582CED11A62CD892C0003F2A;2025-07-01;1;10.258
B7AB793F18D2DE11ADB3106505007EB8;FC081C55582CED11A62CD892C0003F2A;2025-07-30;6;35.452
B7E2A38201CAED11A62CD892C0003F2A;FC081C55582CED11A62CD892C0003F2A;2025-07-01;1;6.000
B7E369123D148E113835BB6505009CAA;FC081C55582CED11A62CD892C0003F2A;2025-07-21;2;9.032
B89516B681D50F114EF7A826072BEE89;FC081C55582CED11A62CD892C0003F2A;2025-07-21;1;6.000
B908AEF57654EE11B1AD10650500C7EA;FC081C55582CED11A62CD892C0003F2A;2025-07-01;5;21.032
B91673C1B4DCAE11BE2110650500515A;FC081C55582CED11A62CD892C0003F2A;2025-07-24;1;5.226
B92E96F204716E1142D58A650500AD08;FC081C55582CED11A62CD892C0003F2A;2025-07-25;1;6.161
B941F86E15781E1143F0668E42006B8B;FC081C55582CED11A62CD892C0003F2A;2025-07-08;3;13.516
B9CF7CFF3D18DE11C84610650500807A;FC081C55582CED11A62CD892C0003F2A;2025-07-08;3;12.548
B9DBC298DEE4AE11726010650500145A;FC081C55582CED11A62CD892C0003F2A;2025-07-18;1;5.161
B9F30B8CF287CE11ADB3106505001FA8;FC081C55582CED11A62CD892C0003F2A;2025-07-27;3;13.290
BA2D6C52697BAE11BE21106505009F4A;FC081C55582CED11A62CD892C0003F2A;2025-07-31;3;21.484
BA5C7AD5F153BE11BE2110650500995A;FC081C55582CED11A62CD892C0003F2A;2025-07-22;1;5.226
BA867B38B82FCE11ADB31065050049B8;FC081C55582CED11A62CD892C0003F2A;2025-07-21;1;4.806
BAA39A798D36DE11ADB310650500E2C8;FC081C55582CED11A62CD892C0003F2A;2025-07-21;2;8.581
BAB5D848B1BBEE1191EE1065050029B9;FC081C55582CED11A62CD892C0003F2A;2025-07-06;1;4.161
BAD2F90EC877EE1191EE1065050027B9;FC081C55582CED11A62CD892C0003F2A;2025-07-01;5.60;22.623
BB0FA3470C7DFE1158A3BB3DBE8E1489;FC081C55582CED11A62CD892C0003F2A;2025-07-25;1;12.548
BB91881961FFBE118772106505009169;FC081C55582CED11A62CD892C0003F2A;2025-07-17;2;8.903
BBB6089FDE2ECE11ADB31065050008B8;FC081C55582CED11A62CD892C0003F2A;2025-07-15;2;10.414
BBD4185A5DBBEE1191EE1065050029B9;FC081C55582CED11A62CD892C0003F2A;2025-07-27;3;17.323
BBD752164C63CE118772106505000669;FC081C55582CED11A62CD892C0003F2A;2025-07-01;3;24.194
BC296445F0CAED11A62CD892C0003F2A;FC081C55582CED11A62CD892C0003F2A;2025-07-04;1;6.613
BC9C530E8FCA9E11525010650500EB4A;FC081C55582CED11A62CD892C0003F2A;2025-07-02;7;53.032
BCA9CF4E6BBD3E11052F6792C000D249;FC081C55582CED11A62CD892C0003F2A;2025-07-22;1;9.226
BCE7B36EAACCAE11BE2110650500415A;FC081C55582CED11A62CD892C0003F2A;2025-07-31;1;8.290
BCFE1D61769C9E11726010650500694A;FC081C55582CED11A62CD892C0003F2A;2025-07-20;2;9.935
BD1957F1E0CAED11A62CD892C0003F2A;FC081C55582CED11A62CD892C0003F2A;2025-07-17;1;5.806
BD93A51212C10F114EF7A826072BB989;FC081C55582CED11A62CD892C0003F2A;2025-07-26;1;5.593
BE280D4ACE23FD110DC22A92C000C499;FC081C55582CED11A62CD892C0003F2A;2025-07-15;2;11.774
BE403BE10B4EDE11406610650500B74A;FC081C55582CED11A62CD892C0003F2A;2025-07-19;2;16.133
BE5D134965B4DE11ADB310650500F0C8;FC081C55582CED11A62CD892C0003F2A;2025-07-01;5;55.452
BE9A45922E130F114EF7A826072B7B89;FC081C55582CED11A62CD892C0003F2A;2025-07-24;1;4.370
BEB6B8ED7942FE1191EE10650500CCB9;FC081C55582CED11A62CD892C0003F2A;2025-07-20;1;7.967
BEBBA51848CE8E11F243BB650500C64B;FC081C55582CED11A62CD892C0003F2A;2025-07-01;1;10.828
BECB22B34D05DE11ADB31065050061C8;FC081C55582CED11A62CD892C0003F2A;2025-07-10;1;7.548
BF0088BFD1A6DE11ADB31065050063C8;FC081C55582CED11A62CD892C0003F2A;2025-07-24;1;5.645
BF08D97E2E130F114EF7A826072B7B89;FC081C55582CED11A62CD892C0003F2A;2025-07-01;6;24.968
BF1177151EDEFE11F1557891FE69D589;FC081C55582CED11A62CD892C0003F2A;2025-07-01;9;39.000
BF1AD9D6D0CAED11A62CD892C0003F2A;FC081C55582CED11A62CD892C0003F2A;2025-07-09;1;6.909
BF28F1348F525E1142D58A650500DC08;FC081C55582CED11A62CD892C0003F2A;2025-07-10;2;8.935
BF3006FB194CDE11406610650500054A;FC081C55582CED11A62CD892C0003F2A;2025-07-05;1;6.516
BF5935834991FE1191EE10650500EBB9;FC081C55582CED11A62CD892C0003F2A;2025-07-01;21;149.613
BF842895A9BFCE11ADB3106505001AB8;FC081C55582CED11A62CD892C0003F2A;2025-07-29;1;4.333
BF87027411CAED11A62CD892C0003F2A;FC081C55582CED11A62CD892C0003F2A;2025-07-14;1;4.111
BF9C6C2CFE163E11052F6792C000FF39;FC081C55582CED11A62CD892C0003F2A;2025-07-01;3;26.548
BFCFC0BAF739CE11ADB31065050051B8;FC081C55582CED11A62CD892C0003F2A;2025-07-01;5;123.194
BFF594A2A3735E1142D58A650500DC08;FC081C55582CED11A62CD892C0003F2A;2025-07-07;4;16.097
C000819A08FCFD11A4A96492C000CB59;FC081C55582CED11A62CD892C0003F2A;2025-07-01;1;9.613
C02F795CD0CAED11A62CD892C0003F2A;FC081C55582CED11A62CD892C0003F2A;2025-07-01;2;11.000
C045435A6BF7FE11128010650500D819;FC081C55582CED11A62CD892C0003F2A;2025-07-22;2;21.484
C07BE0DB5D85DE11ADB31065050002C8;FC081C55582CED11A62CD892C0003F2A;2025-07-11;4;16.387
C0D5AC833BF8CE11ADB31065050001B8;FC081C55582CED11A62CD892C0003F2A;2025-07-13;15;61.065
C0E31E43DFEBDE11406610650500844A;FC081C55582CED11A62CD892C0003F2A;2025-07-13;1;5.300
C12D32492CB1AE11726010650500005A;FC081C55582CED11A62CD892C0003F2A;2025-07-12;2;9.645
C1F2012284410F11112A674AC7E20989;FC081C55582CED11A62CD892C0003F2A;2025-07-29;1;5.903
C21F495D65FC7E110819BB65050039AA;FC081C55582CED11A62CD892C0003F2A;2025-07-01;1;16.875
C297BF6A01CAED11A62CD892C0003F2A;FC081C55582CED11A62CD892C0003F2A;2025-07-01;3;21.742
C2C7B7682E74FE1191EE10650500CFB9;FC081C55582CED11A62CD892C0003F2A;2025-07-12;1;7.818
C2C8F81C7578FE11128010650500D819;FC081C55582CED11A62CD892C0003F2A;2025-07-29;1;7.032
C2D43956EFCEFE11F1557891FE69C589;FC081C55582CED11A62CD892C0003F2A;2025-07-30;1;9.933
C2EEE3D18BA4DE11ADB310650500E0C8;FC081C55582CED11A62CD892C0003F2A;2025-07-10;1;6.645
C30BB501B0CAED11A62CD892C0003F2A;FC081C55582CED11A62CD892C0003F2A;2025-07-01;53;1032.774
C32145D7EF6AFE11128010650500E819;FC081C55582CED11A62CD892C0003F2A;2025-07-21;6;28.000
C35289756077FE1191EE1065050093C9;FC081C55582CED11A62CD892C0003F2A;2025-07-01;2;8.548
C39E77918754EE11B1AD10650500C7EA;FC081C55582CED11A62CD892C0003F2A;2025-07-02;2;9.519
C3D8C1394D85DE11ADB31065050002C8;FC081C55582CED11A62CD892C0003F2A;2025-07-02;12;48.607
C3DC53538ABAFE11128010650500E819;FC081C55582CED11A62CD892C0003F2A;2025-07-02;7;34.774
C3F1412AC9280E11A4A96492C00009EB;FC081C55582CED11A62CD892C0003F2A;2025-07-30;1;7.400
C3F8FD905D52EE11406610650500FC4A;FC081C55582CED11A62CD892C0003F2A;2025-07-27;1;6.194
C41878A93EAFFE11F1557891FE69E689;FC081C55582CED11A62CD892C0003F2A;2025-07-30;1;4.323
C42C2A2239240F114EF7A826072BCC89;FC081C55582CED11A62CD892C0003F2A;2025-07-28;2;8.667
C42E9409EC14CE11877210650500E669;FC081C55582CED11A62CD892C0003F2A;2025-07-01;4;21.258
C4C5F1DC01CAED11A62CD892C0003F2A;FC081C55582CED11A62CD892C0003F2A;2025-07-01;1;12.226
C4C76D10845AEE1191EE1065050009B9;FC081C55582CED11A62CD892C0003F2A;2025-07-01;1;4.032
C4D80AEE335C9E11726010650500194A;FC081C55582CED11A62CD892C0003F2A;2025-07-20;2;11.613
C4E9631F9CDFCE11ADB3106505005AB8;FC081C55582CED11A62CD892C0003F2A;2025-07-05;3;13.263
C4F20CD86A8EDE11406610650500084A;FC081C55582CED11A62CD892C0003F2A;2025-07-19;1.26;8.941
C506C0B331CAED11A62CD892C0003F2A;FC081C55582CED11A62CD892C0003F2A;2025-07-08;1;4.182
C517A2F52AF1EE114066106505007C4A;FC081C55582CED11A62CD892C0003F2A;2025-07-03;2;8.765
C523012284410F11112A674AC7E20989;FC081C55582CED11A62CD892C0003F2A;2025-07-12;1;4.069
C5312590B0CAED11A62CD892C0003F2A;FC081C55582CED11A62CD892C0003F2A;2025-07-08;1;5.516
C538ED19B258AE11BE21106505009B4A;FC081C55582CED11A62CD892C0003F2A;2025-07-01;2;11.581
C58FC32CCA9EFE11F1557891FE698589;FC081C55582CED11A62CD892C0003F2A;2025-07-31;13;56.194
C5AB34B8202B7E110819BB65050039AA;FC081C55582CED11A62CD892C0003F2A;2025-07-31;1;6.129
C5CFE33632A0CE118772106505007269;FC081C55582CED11A62CD892C0003F2A;2025-07-31;1;7.032
C5DEFCCBCE13FE1191EE10650500EDB9;FC081C55582CED11A62CD892C0003F2A;2025-07-17;1;4.710
C5F10FA30C229E115540106505003B3B;FC081C55582CED11A62CD892C0003F2A;2025-07-01;1;5.871
C61A3859F5F49E11554010650500DE3B;FC081C55582CED11A62CD892C0003F2A;2025-07-04;2;8.710
C61C028040CAED11A62CD892C0003F2A;FC081C55582CED11A62CD892C0003F2A;2025-07-07;1;4.200
C6CDB0C295240F114EF7A826072BCC89;FC081C55582CED11A62CD892C0003F2A;2025-07-29;6;28.667
C6FC2A60F76DCE11ADB310650500F6B8;FC081C55582CED11A62CD892C0003F2A;2025-07-18;1;21.160
C75BD54551CAED11A62CD892C0003F2A;FC081C55582CED11A62CD892C0003F2A;2025-07-09;4;17.161
C791EA747D27EE1191EE10650500C6B9;FC081C55582CED11A62CD892C0003F2A;2025-07-01;3;15.097
C7C4251B63C74E1142D58A6505002C08;FC081C55582CED11A62CD892C0003F2A;2025-07-08;3;15.097
C7C567BDEDBBEE1191EE1065050029B9;FC081C55582CED11A62CD892C0003F2A;2025-07-27;3;34.161
C7D1E8C76208DE11C84610650500607A;FC081C55582CED11A62CD892C0003F2A;2025-07-03;2;9.258
C83B643B2BF7FE11128010650500D819;FC081C55582CED11A62CD892C0003F2A;2025-07-10;3;13.226
C8B515F165E0EE114066106505000B4A;FC081C55582CED11A62CD892C0003F2A;2025-07-01;1;29.355
C8E2F68921500F11F1557891FE69B789;FC081C55582CED11A62CD892C0003F2A;2025-07-12;1;4.419
C8EAE4FFCB804E1142D58A650500DB08;FC081C55582CED11A62CD892C0003F2A;2025-07-13;2;10.000
C9004D8311CAED11A62CD892C0003F2A;FC081C55582CED11A62CD892C0003F2A;2025-07-12;1;5.138
C91AECD7A32ECE11ADB310650500F7B8;FC081C55582CED11A62CD892C0003F2A;2025-07-12;1;7.607
C92C6D5B01CAED11A62CD892C0003F2A;FC081C55582CED11A62CD892C0003F2A;2025-07-09;3;17.968
C9537C6834AE9E117260106505001C4A;FC081C55582CED11A62CD892C0003F2A;2025-07-01;11;68.548
C955A13924817E11B7B78A650500CD08;FC081C55582CED11A62CD892C0003F2A;2025-07-20;3;14.903
C95A376401CAED11A62CD892C0003F2A;FC081C55582CED11A62CD892C0003F2A;2025-07-24;1;6.065
C9670700E0CAED11A62CD892C0003F2A;FC081C55582CED11A62CD892C0003F2A;2025-07-13;2;10.500
C9C544CBCE327E11B7B78A650500CD08;FC081C55582CED11A62CD892C0003F2A;2025-07-12;1;4.581
CA2C6D5B01CAED11A62CD892C0003F2A;FC081C55582CED11A62CD892C0003F2A;2025-07-08;1;8.345
CA88FE56FBDBBE118772106505006C59;FC081C55582CED11A62CD892C0003F2A;2025-07-04;1;7.903
CAA88A00CBE1EE114066106505006C4A;FC081C55582CED11A62CD892C0003F2A;2025-07-13;1;4.548
CAAA6685BA5DCE11ADB310650500E6B8;FC081C55582CED11A62CD892C0003F2A;2025-07-02;2;12.129
CAB1D1177B7FAE11BE2110650500B45A;FC081C55582CED11A62CD892C0003F2A;2025-07-03;1;5.200
CACC221EC877EE1191EE1065050027B9;FC081C55582CED11A62CD892C0003F2A;2025-07-17;1.37;12.054
CBD4D5891EF10F114EF7A826072B0A89;FC081C55582CED11A62CD892C0003F2A;2025-07-01;1;4.967
CC08C5BC25DFEE1191EE10650500A9B9;FC081C55582CED11A62CD892C0003F2A;2025-07-03;1;4.069
CC75172A40750F114EF7A826072B6E89;FC081C55582CED11A62CD892C0003F2A;2025-07-02;1;10.667
CCAB0F43D0CAED11A62CD892C0003F2A;FC081C55582CED11A62CD892C0003F2A;2025-07-26;1;6.645
CD47D6A0BAC9FE11128010650500E819;FC081C55582CED11A62CD892C0003F2A;2025-07-06;3;21.067
CD86C51D222DFE11F1557891FE69A389;FC081C55582CED11A62CD892C0003F2A;2025-07-07;2;8.968
CE3565873BADEE1191EE1065050029B9;FC081C55582CED11A62CD892C0003F2A;2025-07-01;1;78.419
CE4FCB9C58A40F114EF7A826072B6D89;FC081C55582CED11A62CD892C0003F2A;2025-07-24;1;17.345
CE81543543D0DE11ADB310650500BBB8;FC081C55582CED11A62CD892C0003F2A;2025-07-24;1;8.323
CF2C6D5B01CAED11A62CD892C0003F2A;FC081C55582CED11A62CD892C0003F2A;2025-07-14;1;6.226
CF3C644BB3900F11F1557891FE690889;FC081C55582CED11A62CD892C0003F2A;2025-07-07;28;129.387
CF6CCCECA96EAE11BE2110650500535A;FC081C55582CED11A62CD892C0003F2A;2025-07-22;1;7.923
CF76BE47BFCCDE11406610650500B54A;FC081C55582CED11A62CD892C0003F2A;2025-07-14;1;7.655
CFB3E180C442DE11ADB310650500BDB8;FC081C55582CED11A62CD892C0003F2A;2025-07-01;2;8.364
D004CFE11294DE11ADB310650500C0C8;FC081C55582CED11A62CD892C0003F2A;2025-07-01;1;4.034
D09241378D36DE11ADB310650500E2C8;FC081C55582CED11A62CD892C0003F2A;2025-07-18;1;5.806
D0B3D1D2432FFE11F1557891FE693689;FC081C55582CED11A62CD892C0003F2A;2025-07-10;3;13.710
D0DE70D0A4ABEE1191EE1065050029B9;FC081C55582CED11A62CD892C0003F2A;2025-07-19;2;8.710
D0F55FEA3974EE11B1AD10650500F7EA;FC081C55582CED11A62CD892C0003F2A;2025-07-05;4;18.484
D11CCA92181BDE11406610650500634A;FC081C55582CED11A62CD892C0003F2A;2025-07-26;2;8.294
D1BFBF08107A7E110819BB65050039AA;FC081C55582CED11A62CD892C0003F2A;2025-07-17;1;4.258
D24DDE41F0CAED11A62CD892C0003F2A;FC081C55582CED11A62CD892C0003F2A;2025-07-15;2;8.968
D2849B17FAC1FE1191EE106505002CB9;FC081C55582CED11A62CD892C0003F2A;2025-07-08;1;4.065
D2A177151EDEFE11F1557891FE69D589;FC081C55582CED11A62CD892C0003F2A;2025-07-01;4;19.548
D2A178CA93C1CE11877210650500E369;FC081C55582CED11A62CD892C0003F2A;2025-07-01;7;29.129
D320D83931CAED11A62CD892C0003F2A;FC081C55582CED11A62CD892C0003F2A;2025-07-20;1;4.968
D35E9808D3BC3E11052F6792C000D249;FC081C55582CED11A62CD892C0003F2A;2025-07-25;5;23.581
D38FA4EBE11FCE11ADB31065050029B8;FC081C55582CED11A62CD892C0003F2A;2025-07-26;4;43.889
D3DA69C967A6FE1191EE1065050082C9;FC081C55582CED11A62CD892C0003F2A;2025-07-03;1;4.200
D3EDA56426AA3E11052F6792C000D249;FC081C55582CED11A62CD892C0003F2A;2025-07-23;1;5.581
D432C5738D466E11B7B78A650500BC08;FC081C55582CED11A62CD892C0003F2A;2025-07-06;1;6.774
D467E9ED0BE1DE11ADB3106505004DB8;FC081C55582CED11A62CD892C0003F2A;2025-07-27;1;4.077
D4852C344D907E11B7B78A650500CD08;FC081C55582CED11A62CD892C0003F2A;2025-07-01;1;8.419
D4A4FCE301CAED11A62CD892C0003F2A;FC081C55582CED11A62CD892C0003F2A;2025-07-01;1;5.419
D564E44AC336AE11BE2110650500E84A;FC081C55582CED11A62CD892C0003F2A;2025-07-28;4;18.903
D57D7E8CF0CAED11A62CD892C0003F2A;FC081C55582CED11A62CD892C0003F2A;2025-07-06;1;7.710
D5BDD24C19216E1142D58A650500AD08;FC081C55582CED11A62CD892C0003F2A;2025-07-01;1;10.323
D5CD4C1D0EFBAE11BE2110650500405A;FC081C55582CED11A62CD892C0003F2A;2025-07-01;1;4.387
D5D32B073B85DE11ADB31065050002C8;FC081C55582CED11A62CD892C0003F2A;2025-07-11;2;11.067
D5E06A5153903E11052F6792C000CF39;FC081C55582CED11A62CD892C0003F2A;2025-07-27;1;7.935
D5E49DB021130F114EF7A826072B6B89;FC081C55582CED11A62CD892C0003F2A;2025-07-13;1;4.706
D60E934DFC56FE1191EE1065050022C9;FC081C55582CED11A62CD892C0003F2A;2025-07-05;1;6.710
D68CE0818869FE11128010650500E819;FC081C55582CED11A62CD892C0003F2A;2025-07-09;2;8.308
D6909898324E9E117260106505009B4A;FC081C55582CED11A62CD892C0003F2A;2025-07-29;1;10.742
D6952E09F72EFE11F1557891FE69F489;FC081C55582CED11A62CD892C0003F2A;2025-07-01;2;11.161
D6A4FCE301CAED11A62CD892C0003F2A;FC081C55582CED11A62CD892C0003F2A;2025-07-17;4;24.161
D6D074815C2BFE11128010650500E819;FC081C55582CED11A62CD892C0003F2A;2025-07-15;1;4.645
D704915671E19E11F243BB650500BA4B;FC081C55582CED11A62CD892C0003F2A;2025-07-27;1;6.516
D713F2F9F78CDE11406610650500554A;FC081C55582CED11A62CD892C0003F2A;2025-07-22;3;14.226
D7391C2B807ABE118772106505009A59;FC081C55582CED11A62CD892C0003F2A;2025-07-28;2;8.032
D7FB1E07008F3E11F7F68A650500DB08;FC081C55582CED11A62CD892C0003F2A;2025-07-01;1;7.452
D81A958001CAED11A62CD892C0003F2A;FC081C55582CED11A62CD892C0003F2A;2025-07-03;1;6.419
D8378470DC07BE118772106505004659;FC081C55582CED11A62CD892C0003F2A;2025-07-02;3;14.000
D884C3029873CE118772106505001669;FC081C55582CED11A62CD892C0003F2A;2025-07-09;3;12.385
D89D0DF22B7AFE11128010650500E819;FC081C55582CED11A62CD892C0003F2A;2025-07-26;4;18.290
D8C045074D05DE11ADB31065050061C8;FC081C55582CED11A62CD892C0003F2A;2025-07-20;1;6.000
D8CE4A0034EDDE11406610650500174A;FC081C55582CED11A62CD892C0003F2A;2025-07-16;1;5.161
D8D44B985016FE1191EE10650500C1C9;FC081C55582CED11A62CD892C0003F2A;2025-07-01;1;31.000
D8F38758C8049E115540106505009D3B;FC081C55582CED11A62CD892C0003F2A;2025-07-01;1;8.774
D90C4CF61680BE11BE2110650500065A;FC081C55582CED11A62CD892C0003F2A;2025-07-31;2;8.065
D955C19F5145DE11ADB310650500A1C8;FC081C55582CED11A62CD892C0003F2A;2025-07-28;1;5.677
D9A93B3B81600F11F1557891FE69C789;FC081C55582CED11A62CD892C0003F2A;2025-07-07;1;7.750
D9C23EE9FD43FE1191EE106505002EB9;FC081C55582CED11A62CD892C0003F2A;2025-07-19;1;5.452
D9C352BB2EDAFE11128010650500E819;FC081C55582CED11A62CD892C0003F2A;2025-07-30;1;4.161
D9CEEB592642FE1191EE10650500CCB9;FC081C55582CED11A62CD892C0003F2A;2025-07-11;1;4.548
DA2EC8AD6DBFAE11BE2110650500055A;FC081C55582CED11A62CD892C0003F2A;2025-07-22;2;8.710
DA5662DCDE52EE11406610650500FC4A;FC081C55582CED11A62CD892C0003F2A;2025-07-01;2;11.391
DA956C52599EFE11F1557891FE698589;FC081C55582CED11A62CD892C0003F2A;2025-07-21;1;6.387
DAB662BB285CEE1191EE1065050029B9;FC081C55582CED11A62CD892C0003F2A;2025-07-01;2;17.194
DAD16D440ABBFD11A4A96492C000CB59;FC081C55582CED11A62CD892C0003F2A;2025-07-10;1;6.839
DAFCBFF0E0CAED11A62CD892C0003F2A;FC081C55582CED11A62CD892C0003F2A;2025-07-05;2;8.645
DB61565D0AB8BE118772106505006859;FC081C55582CED11A62CD892C0003F2A;2025-07-01;1;14.556
DBAAE3CDD50CFD11A4A96492C000CB59;FC081C55582CED11A62CD892C0003F2A;2025-07-01;1;5.452
DBDFD61A0592FE1191EE106505002DB9;FC081C55582CED11A62CD892C0003F2A;2025-07-20;0.28;8.524
DC5B554FABB88E11F243BB6505008E3B;FC081C55582CED11A62CD892C0003F2A;2025-07-12;2;11.000
DC6E991D1073FD110DC22A92C000C499;FC081C55582CED11A62CD892C0003F2A;2025-07-01;1;7.871
DCA9CF4E6BBD3E11052F6792C000D249;FC081C55582CED11A62CD892C0003F2A;2025-07-31;4;19.645
DCC3EFDBD7CDFE11F1557891FE697489;FC081C55582CED11A62CD892C0003F2A;2025-07-01;1;5.968
DD042F328EE1EE114066106505006C4A;FC081C55582CED11A62CD892C0003F2A;2025-07-04;2;8.233
DD379EF168DDDE11406610650500074A;FC081C55582CED11A62CD892C0003F2A;2025-07-24;12;48.258
DD7686669B46DE11ADB310650500F2C8;FC081C55582CED11A62CD892C0003F2A;2025-07-15;1;4.500
DD8B3B0BF1CAED11A62CD892C0003F2A;FC081C55582CED11A62CD892C0003F2A;2025-07-01;1;6.433
DDA0BB5F01CAED11A62CD892C0003F2A;FC081C55582CED11A62CD892C0003F2A;2025-07-03;11;51.226
DDD7334651CAED11A62CD892C0003F2A;FC081C55582CED11A62CD892C0003F2A;2025-07-27;1;4.516
DDE0041AF2A7AE11BE2110650500BA4A;FC081C55582CED11A62CD892C0003F2A;2025-07-14;6;26.839
DDE9919AAF36FE1191EE1065050002C9;FC081C55582CED11A62CD892C0003F2A;2025-07-01;1;415.516
DE15F8F901CAED11A62CD892C0003F2A;FC081C55582CED11A62CD892C0003F2A;2025-07-29;2;8.387
DE3EAAF75D008E110819BB65050039AA;FC081C55582CED11A62CD892C0003F2A;2025-07-01;1;14.000
DF10F07564878E11F243BB650500FC3B;FC081C55582CED11A62CD892C0003F2A;2025-07-21;1;5.750
DF38C3C951CAED11A62CD892C0003F2A;FC081C55582CED11A62CD892C0003F2A;2025-07-07;1;5.129
DF3E77F4B8C50F114EF7A826072BDE89;FC081C55582CED11A62CD892C0003F2A;2025-07-23;2;11.636
DF83524500B7FE1191EE10650500E3C9;FC081C55582CED11A62CD892C0003F2A;2025-07-30;2;8.097
DF96B7DB01CAED11A62CD892C0003F2A;FC081C55582CED11A62CD892C0003F2A;2025-07-19;2;11.233
DFBAF8801BA8FE11128010650500D819;FC081C55582CED11A62CD892C0003F2A;2025-07-01;3;14.647
DFD3CA5EC7E97E110819BB65050019AA;FC081C55582CED11A62CD892C0003F2A;2025-07-01;4;16.161
DFD66AB89F09FE11128010650500E819;FC081C55582CED11A62CD892C0003F2A;2025-07-01;1;5.200
DFF5B1B4DC913E11052F6792C000CF39;FC081C55582CED11A62CD892C0003F2A;2025-07-11;1;4.129
E018630FBD70DE11ADB3106505004BB8;FC081C55582CED11A62CD892C0003F2A;2025-07-26;5;21.677
E032AE3DCD42DE11ADB310650500CDB8;FC081C55582CED11A62CD892C0003F2A;2025-07-04;1;5.839
E074445C03BDCE11ADB31065050067B8;FC081C55582CED11A62CD892C0003F2A;2025-07-01;7;30.290
E0A55E04E0CAED11A62CD892C0003F2A;FC081C55582CED11A62CD892C0003F2A;2025-07-24;1;5.161
E1143E27D137AE11BE21106505002A4A;FC081C55582CED11A62CD892C0003F2A;2025-07-05;2;8.065
E11C234788EFCE11ADB3106505006AB8;FC081C55582CED11A62CD892C0003F2A;2025-07-19;2;11.452
E139715B1A7CDE11406610650500454A;FC081C55582CED11A62CD892C0003F2A;2025-07-21;1;6.548
E14E3F107946DE11ADB310650500F2C8;FC081C55582CED11A62CD892C0003F2A;2025-07-04;10;40.516
E175C461DE300F11F1557891FE699789;FC081C55582CED11A62CD892C0003F2A;2025-07-13;1;5.037
E1CBA0425C930F114EF7A826072B1C89;FC081C55582CED11A62CD892C0003F2A;2025-07-23;1;8.625
E21D764579B1EE114066106505001C4A;FC081C55582CED11A62CD892C0003F2A;2025-07-26;1;4.333
E223E4F0D0EC4E1142D58A650500BC08;FC081C55582CED11A62CD892C0003F2A;2025-07-05;1;4.806
E27D5947E38CDE11406610650500554A;FC081C55582CED11A62CD892C0003F2A;2025-07-12;3;25.100
E2993B27B4126E1142D58A650500AD08;FC081C55582CED11A62CD892C0003F2A;2025-07-01;2;11.690
E29AD94BD63BEE1191EE1065050029B9;FC081C55582CED11A62CD892C0003F2A;2025-07-03;2;10.773
E2A77B826DC2DE11ADB3106505006EB8;FC081C55582CED11A62CD892C0003F2A;2025-07-14;1;6.194
E2B43FD5A0CAED11A62CD892C0003F2A;FC081C55582CED11A62CD892C0003F2A;2025-07-01;7;28.387
E2DC7D60CFB85E1142D58A650500DC08;FC081C55582CED11A62CD892C0003F2A;2025-07-15;1;8.033
E311B69AD704DE11ADB31065050010C8;FC081C55582CED11A62CD892C0003F2A;2025-07-01;1;4.077
E34E934DFC56FE1191EE1065050022C9;FC081C55582CED11A62CD892C0003F2A;2025-07-04;1;5.867
E3B03A5913FDDE11406610650500274A;FC081C55582CED11A62CD892C0003F2A;2025-07-15;1;6.258
E3F6C923D74CDE11406610650500054A;FC081C55582CED11A62CD892C0003F2A;2025-07-29;2;10.032
E42A08F801CAED11A62CD892C0003F2A;FC081C55582CED11A62CD892C0003F2A;2025-07-01;1;10.000
E4310C2686ADDE11406610650500C64A;FC081C55582CED11A62CD892C0003F2A;2025-07-06;1;5.806
E431C2301141FE1191EE106505007BB9;FC081C55582CED11A62CD892C0003F2A;2025-07-14;1;12.452
E45B2120D2FD4E1142D58A650500BC08;FC081C55582CED11A62CD892C0003F2A;2025-07-09;2;8.613
E5004D8311CAED11A62CD892C0003F2A;FC081C55582CED11A62CD892C0003F2A;2025-07-27;1;4.393
E507A82884A4FE1191EE10650500FFB9;FC081C55582CED11A62CD892C0003F2A;2025-07-03;2;11.677
E51301FC1443FE1191EE106505001EB9;FC081C55582CED11A62CD892C0003F2A;2025-07-24;4;18.677
E5553956EFCEFE11F1557891FE69C589;FC081C55582CED11A62CD892C0003F2A;2025-07-30;2;9.903
E5EDDD8EBAC9FE11128010650500E819;FC081C55582CED11A62CD892C0003F2A;2025-07-01;1;12.258
E63FAEB9B7E4DE11ADB31065050031C8;FC081C55582CED11A62CD892C0003F2A;2025-07-12;1;4.323
E6CF24638D0ACE11ADB31065050062B8;FC081C55582CED11A62CD892C0003F2A;2025-07-09;2;9.645
E6D40B501BFB3E11052F6792C000D249;FC081C55582CED11A62CD892C0003F2A;2025-07-05;3;12.097
E6E80C68E6310F11112A674AC7E2F889;FC081C55582CED11A62CD892C0003F2A;2025-07-13;3;16.548
E7078419AAB1EE114066106505001C4A;FC081C55582CED11A62CD892C0003F2A;2025-07-01;1;6.161
E77D6519E7E97E110819BB65050019AA;FC081C55582CED11A62CD892C0003F2A;2025-07-13;1;5.645
E790516A93C1CE11877210650500E369;FC081C55582CED11A62CD892C0003F2A;2025-07-07;2;10.774
E7BC77918754EE11B1AD10650500C7EA;FC081C55582CED11A62CD892C0003F2A;2025-07-29;1;4.100
E7C66AB0CFCF4E1142D58A650500BC08;FC081C55582CED11A62CD892C0003F2A;2025-07-24;1;4.419
E8EFEFF05AF20F114EF7A826072B4B89;FC081C55582CED11A62CD892C0003F2A;2025-07-02;1;4.556
E969F41334AB8E11F243BB650500324B;FC081C55582CED11A62CD892C0003F2A;2025-07-13;1;6.323
E9CF548ED5A0EE11406610650500BA4A;FC081C55582CED11A62CD892C0003F2A;2025-07-01;1;9.129
E9EBF3F79560EE114066106505006A4A;FC081C55582CED11A62CD892C0003F2A;2025-07-01;1;4.679
E9F382BBE46ABE118772106505008A59;FC081C55582CED11A62CD892C0003F2A;2025-07-26;2;9.968
EA3F4A2031D1DE11ADB3106505002DB8;FC081C55582CED11A62CD892C0003F2A;2025-07-05;1;5.773
EA4F278C0ADEAE11BE2110650500E35A;FC081C55582CED11A62CD892C0003F2A;2025-07-21;8;46.097
EA7E3926B6E28E113835BB6505002BAA;FC081C55582CED11A62CD892C0003F2A;2025-07-20;1;4.645
EAC16437E3DDBE11877210650500EE59;FC081C55582CED11A62CD892C0003F2A;2025-07-13;2;19.607
EAE018281965DE11ADB310650500D1C8;FC081C55582CED11A62CD892C0003F2A;2025-07-14;2;8.194
EB0D14E282CAED11A62CD892C0003F2A;FC081C55582CED11A62CD892C0003F2A;2025-07-28;1;4.484
EB150FF1AC112E1143F0668E4200C71A;FC081C55582CED11A62CD892C0003F2A;2025-07-17;1;9.080
EB3A5B9B8EE1EE114066106505006C4A;FC081C55582CED11A62CD892C0003F2A;2025-07-05;2;8.129
EB8700BD690F9E117260106505009C4A;FC081C55582CED11A62CD892C0003F2A;2025-07-24;1;4.296
EBA1D80ADF61FE1191EE10650500BBB9;FC081C55582CED11A62CD892C0003F2A;2025-07-15;1;6.097
EBAFE28FD0CAED11A62CD892C0003F2A;FC081C55582CED11A62CD892C0003F2A;2025-07-20;1;4.290
EBB4EA11BBB88E11F243BB6505008E3B;FC081C55582CED11A62CD892C0003F2A;2025-07-29;2;8.516
EBFBD80C6F466E11B7B78A650500BC08;FC081C55582CED11A62CD892C0003F2A;2025-07-27;4;16.129
EC1681B6617EEE1191EE1065050029B9;FC081C55582CED11A62CD892C0003F2A;2025-07-19;1;5.636
EC3AF351A4A4FE1191EE10650500FFB9;FC081C55582CED11A62CD892C0003F2A;2025-07-31;1;6.129
EC4A9654EDD9DE11406610650500C14A;FC081C55582CED11A62CD892C0003F2A;2025-07-23;1;4.250
EC5868E0E54CDE11406610650500054A;FC081C55582CED11A62CD892C0003F2A;2025-07-25;2;10.000
EC8EF4465FE5DE11ADB31065050082C8;FC081C55582CED11A62CD892C0003F2A;2025-07-01;1;15.065
EC9EB9966C2CDE11406610650500E44A;FC081C55582CED11A62CD892C0003F2A;2025-07-05;7;30.742
ECE0FE6B37B8BE118772106505006859;FC081C55582CED11A62CD892C0003F2A;2025-07-01;11;49.290
ECE41F692E458E113835BB6505001EAA;FC081C55582CED11A62CD892C0003F2A;2025-07-04;1;7.690
ED2420A91C469E11554010650500904B;FC081C55582CED11A62CD892C0003F2A;2025-07-10;1;5.548
ED9C04D81CA4DE11ADB310650500E0C8;FC081C55582CED11A62CD892C0003F2A;2025-07-12;1;7.050
EE08E9D401CAED11A62CD892C0003F2A;FC081C55582CED11A62CD892C0003F2A;2025-07-18;2;9.839
EE1A48881CF22E1143F0668E4200C71A;FC081C55582CED11A62CD892C0003F2A;2025-07-25;1;4.839
EE1C208DDDBBEE1191EE1065050029B9;FC081C55582CED11A62CD892C0003F2A;2025-07-01;2;12.742
EE1F795CD0CAED11A62CD892C0003F2A;FC081C55582CED11A62CD892C0003F2A;2025-07-21;1;8.226
EF042EC0212FEE1191EE1065050029B9;FC081C55582CED11A62CD892C0003F2A;2025-07-11;1;5.233
EF2B6B9C779C2E11052F6792C000CF39;FC081C55582CED11A62CD892C0003F2A;2025-07-26;2;8.903
EF38A283797B7E110819BB65050039AA;FC081C55582CED11A62CD892C0003F2A;2025-07-21;1;4.323
EF39248CF5802E1143F0668E4200C71A;FC081C55582CED11A62CD892C0003F2A;2025-07-07;1;6.774
EF3BBD0134FD4E1142D58A650500BC08;FC081C55582CED11A62CD892C0003F2A;2025-07-23;1;9.161
EFC56B77FCEBCE11ADB310650500E4B8;FC081C55582CED11A62CD892C0003F2A;2025-07-21;0.27;2.593
EFDC9EEEDD500F11F1557891FE69C789;FC081C55582CED11A62CD892C0003F2A;2025-07-06;1;5.710
F01151DB08300F11F1557891FE699789;FC081C55582CED11A62CD892C0003F2A;2025-07-03;1;5.154
F0BF1735488E4E1142D58A650500BC08;FC081C55582CED11A62CD892C0003F2A;2025-07-01;2;10.231
F0C732FD25DFEE1191EE10650500A9B9;FC081C55582CED11A62CD892C0003F2A;2025-07-01;1;4.826
F0F9497F0A68FE11128010650500D819;FC081C55582CED11A62CD892C0003F2A;2025-07-08;1;6.548
F12FE1C0C0F23E11052F6792C000CF39;FC081C55582CED11A62CD892C0003F2A;2025-07-28;1;4.258
F168FA210C088E11F243BB650500AD3B;FC081C55582CED11A62CD892C0003F2A;2025-07-01;2;16.194
F1DB6C71D034FE1191EE106505005FB9;FC081C55582CED11A62CD892C0003F2A;2025-07-31;2;8.056
F1F42C5731CAED11A62CD892C0003F2A;FC081C55582CED11A62CD892C0003F2A;2025-07-22;1;6.774
F235CA7A0285EE1191EE10650500E4B9;FC081C55582CED11A62CD892C0003F2A;2025-07-15;1;5.310
F24EDD53A1365E1142D58A650500DC08;FC081C55582CED11A62CD892C0003F2A;2025-07-01;1;15.161
F28C0D63F16ECE11ADB31065050048B8;FC081C55582CED11A62CD892C0003F2A;2025-07-01;1;4.111
F374736FADDC9E11726010650500C94A;FC081C55582CED11A62CD892C0003F2A;2025-07-20;1;5.364
F38ACE01A82EEE1191EE1065050029B9;FC081C55582CED11A62CD892C0003F2A;2025-07-22;1;6.200
F3BB75583DBFBE118772106505005169;FC081C55582CED11A62CD892C0003F2A;2025-07-11;3;13.065
F42A6CE7135D5E1142D58A6505002D08;FC081C55582CED11A62CD892C0003F2A;2025-07-12;1;4.452
F45F3CDCE1EDFE11F1557891FE699489;FC081C55582CED11A62CD892C0003F2A;2025-07-26;2;9.677
F46720E81FD1DE11ADB3106505003DB8;FC081C55582CED11A62CD892C0003F2A;2025-07-05;1;6.194
F4D7E43B046B3E11052F6792C000D249;FC081C55582CED11A62CD892C0003F2A;2025-07-01;3;13.226
F523550101CAED11A62CD892C0003F2A;FC081C55582CED11A62CD892C0003F2A;2025-07-09;3;14.290
F54675247D27EE1191EE10650500C6B9;FC081C55582CED11A62CD892C0003F2A;2025-07-01;2;13.742
F54FEDA1E781DE11ADB310650500CCB8;FC081C55582CED11A62CD892C0003F2A;2025-07-28;1;5.613
F59A49A50FBBEE1191EE1065050029B9;FC081C55582CED11A62CD892C0003F2A;2025-07-29;1;4.227
F5D8EC8A544DEE1191EE1065050029B9;FC081C55582CED11A62CD892C0003F2A;2025-07-17;3;14.161
F5E511F4F332DE11ADB310650500ADB8;FC081C55582CED11A62CD892C0003F2A;2025-07-08;1;5.381
F616C7D527D40F114EF7A826072BAD89;FC081C55582CED11A62CD892C0003F2A;2025-07-03;1;8.895
F6940C3CB60AEE1191EE1065050009B9;FC081C55582CED11A62CD892C0003F2A;2025-07-22;2;10.871
F6F107EA01CAED11A62CD892C0003F2A;FC081C55582CED11A62CD892C0003F2A;2025-07-18;1;7.621
F73047616DC2DE11ADB3106505006EB8;FC081C55582CED11A62CD892C0003F2A;2025-07-01;1;4.226
F78C963E01CAED11A62CD892C0003F2A;FC081C55582CED11A62CD892C0003F2A;2025-07-15;1;4.581
F7C4C0B7506AFE11128010650500E819;FC081C55582CED11A62CD892C0003F2A;2025-07-13;4;20.387
F7D6243168ADDE11406610650500C64A;FC081C55582CED11A62CD892C0003F2A;2025-07-03;4;19.000
F822E9ECF153FE1191EE106505002EB9;FC081C55582CED11A62CD892C0003F2A;2025-07-11;1;9.350
F89CDB058836CE11ADB3106505008DA8;FC081C55582CED11A62CD892C0003F2A;2025-07-01;2;20.581
F988DD2604699E115250106505001A4A;FC081C55582CED11A62CD892C0003F2A;2025-07-07;1;4.065
F9A1EA747D27EE1191EE10650500C6B9;FC081C55582CED11A62CD892C0003F2A;2025-07-01;1;9.355
F9DE455281082E11052F6792C0007F39;FC081C55582CED11A62CD892C0003F2A;2025-07-09;4;16.290
FA4074E90592FE1191EE106505002DB9;FC081C55582CED11A62CD892C0003F2A;2025-07-19;0.15;7.860
FA6EA39C483EFE11F1557891FE690589;FC081C55582CED11A62CD892C0003F2A;2025-07-04;1;6.516
FACC7CBF91459E115540106505004F3B;FC081C55582CED11A62CD892C0003F2A;2025-07-25;1;5.320
FB11619AC3D5CE11ADB3106505005DA8;FC081C55582CED11A62CD892C0003F2A;2025-07-07;2;8.742
FB958DE325B4DE11ADB310650500F0C8;FC081C55582CED11A62CD892C0003F2A;2025-07-07;5;20.903
FBB8EC90EDDE8E11F243BB650500E64B;FC081C55582CED11A62CD892C0003F2A;2025-07-28;1;7.806
FBC37041DEE2BE11BE2110650500195A;FC081C55582CED11A62CD892C0003F2A;2025-07-24;1;5.160
FBCEF4D87E63FD110DC22A92C000C499;FC081C55582CED11A62CD892C0003F2A;2025-07-22;5;36.355
FBD3BAE471EB4E1142D58A6505009C08;FC081C55582CED11A62CD892C0003F2A;2025-07-16;1;7.968
FBEF4C5379C57E11B7B78A650500ED08;FC081C55582CED11A62CD892C0003F2A;2025-07-05;1;4.143
FC0B74D7D0CAED11A62CD892C0003F2A;FC081C55582CED11A62CD892C0003F2A;2025-07-09;1;6.520
FC5135F23532DE11ADB310650500ADB8;FC081C55582CED11A62CD892C0003F2A;2025-07-01;2;9.355
FCE662BE02405E1142D58A650500BC08;FC081C55582CED11A62CD892C0003F2A;2025-07-09;1;7.839
FD3B97376D530F114EF7A826072BCB89;FC081C55582CED11A62CD892C0003F2A;2025-07-15;1;6.167
FD3EE339506AFE11128010650500E819;FC081C55582CED11A62CD892C0003F2A;2025-07-17;1;5.938
FDDCEDB24D42CE118772106505009469;FC081C55582CED11A62CD892C0003F2A;2025-07-30;2;8.032
FDE236069DE9EE1191EE1065050009B9;FC081C55582CED11A62CD892C0003F2A;2025-07-01;3;13.806
FDFDB73F4DA1EE114066106505000C4A;FC081C55582CED11A62CD892C0003F2A;2025-07-01;1;4.742
FE027C3FC62EEE1191EE1065050029B9;FC081C55582CED11A62CD892C0003F2A;2025-07-09;1;4.556
FE28FE2A4C50EE114066106505005A4A;FC081C55582CED11A62CD892C0003F2A;2025-07-01;1;4.032
FEA0114E6EBBEE1191EE1065050029B9;FC081C55582CED11A62CD892C0003F2A;2025-07-07;3;13.806
FEA4A5C4D74CEE1191EE1065050029B9;FC081C55582CED11A62CD892C0003F2A;2025-07-20;3;13.581
FEC2A31E65B4DE11ADB310650500F0C8;FC081C55582CED11A62CD892C0003F2A;2025-07-24;5;21.935
FEF697C07F66DE11ADB31065050023C8;FC081C55582CED11A62CD892C0003F2A;2025-07-06;1;6.226
FF2AC67DFD92FE1191EE106505003DB9;FC081C55582CED11A62CD892C0003F2A;2025-07-04;1;6.182
FF6785D8D0CAED11A62CD892C0003F2A;FC081C55582CED11A62CD892C0003F2A;2025-07-12;2;12.241
FF6C2E44624CBE11877210650500EC59;FC081C55582CED11A62CD892C0003F2A;2025-07-01;1;4.276
FF96B7DB01CAED11A62CD892C0003F2A;FC081C55582CED11A62CD892C0003F2A;2025-07-01;1;5.885
FFBE891274699E115250106505001A4A;FC081C55582CED11A62CD892C0003F2A;2025-07-10;5;21.548
